Loan_ID,Gender,Married,Dependents,Education,Self_Employed,ApplicantIncome,CoapplicantIncome,LoanAmount,Loan_Amount_Term,Credit_History,Property_Area,Loan_Status,ApplicantIncome_log,Dependentsr
LP001002,1,,0,1,No,5849,0.0,126.0,360.0,1.0,Urban,Y,8.674196940225903,0
LP001003,1,,1,1,No,4583,1508.0,128.0,360.0,1.0,Rural,N,8.430327258394575,1
LP001005,1,,0,1,Yes,3000,0.0,66.0,360.0,1.0,Urban,Y,8.006700845440367,0
LP001006,1,,0,0,No,2583,2358.0,120.0,360.0,1.0,Urban,Y,7.857093864902493,0
LP001008,1,,0,1,No,6000,0.0,141.0,360.0,1.0,Urban,Y,8.699681400989514,0
LP001011,1,,2,1,Yes,5417,4196.0,267.0,360.0,1.0,Urban,Y,8.59748202264504,2
LP001013,1,,0,0,No,2333,1516.0,95.0,360.0,1.0,Urban,Y,7.755338812846501,0
LP001014,1,,3,1,No,3036,2504.0,158.0,360.0,0.0,Semiurban,N,8.01862546504575,3
LP001018,1,,2,1,No,4006,1526.0,168.0,360.0,1.0,Urban,Y,8.295798110636145,2
LP001020,1,,1,1,No,12841,10968.0,349.0,360.0,1.0,Semiurban,N,9.460476328353995,1
LP001024,1,,2,1,No,3200,700.0,70.0,360.0,1.0,Urban,Y,8.071218539969863,2
LP001027,1,,2,1,,2500,1840.0,109.0,360.0,1.0,Urban,Y,7.824445930877619,2
LP001028,1,,2,1,No,3073,8106.0,200.0,360.0,1.0,Urban,Y,8.03073492409854,2
LP001029,1,,0,1,No,1853,2840.0,114.0,360.0,1.0,Rural,N,7.5251007461258,0
LP001030,1,,2,1,No,1299,1086.0,17.0,120.0,1.0,Urban,Y,7.170119543449628,2
LP001032,1,,0,1,No,4950,0.0,125.0,360.0,1.0,Urban,Y,8.507344855361422,0
LP001034,1,,1,0,No,3596,0.0,100.0,240.0,,Urban,Y,8.187855443695623,1
LP001036,0,,0,1,No,3510,0.0,76.0,360.0,0.0,Urban,N,8.163656176168432,0
LP001038,1,,0,0,No,4887,0.0,133.0,360.0,1.0,Rural,N,8.494538500851432,0
LP001041,1,,0,1,,2600,3500.0,115.0,,1.0,Urban,Y,7.8636512654486515,0
LP001043,1,,0,0,No,7660,0.0,104.0,360.0,0.0,Urban,N,8.94389780251682,0
LP001046,1,,1,1,No,5955,5625.0,315.0,360.0,1.0,Urban,Y,8.6921543938039,1
LP001047,1,,0,0,No,2600,1911.0,116.0,360.0,0.0,Semiurban,N,7.8636512654486515,0
LP001050,1,,2,0,No,3365,1917.0,112.0,360.0,0.0,Rural,N,8.121480374750751,2
LP001052,1,,1,1,,3717,2925.0,151.0,360.0,,Semiurban,N,8.220941168281389,1
LP001066,1,,0,1,Yes,9560,0.0,191.0,360.0,1.0,Semiurban,Y,9.165447603085447,0
LP001068,1,,0,1,No,2799,2253.0,122.0,360.0,1.0,Semiurban,Y,7.937374696163295,0
LP001073,1,,2,0,No,4226,1040.0,110.0,360.0,1.0,Urban,Y,8.34924780056679,2
LP001086,1,,0,0,No,1442,0.0,35.0,360.0,1.0,Urban,N,7.274479558773871,0
LP001087,0,,2,1,,3750,2083.0,120.0,360.0,1.0,Semiurban,Y,8.229777750081887,2
LP001091,1,,1,1,,4166,3369.0,201.0,360.0,,Urban,N,8.334951631422454,1
LP001095,1,,0,1,No,3167,0.0,74.0,360.0,1.0,Urban,N,8.060855752934316,0
LP001097,1,,1,1,Yes,4692,0.0,106.0,360.0,1.0,Rural,N,8.453827315794417,1
LP001098,1,,0,1,No,3500,1667.0,114.0,360.0,1.0,Semiurban,Y,8.160803920954665,0
LP001100,1,,3,1,No,12500,3000.0,320.0,360.0,1.0,Rural,N,9.433563920090563,3
LP001106,1,,0,1,No,2275,2067.0,126.0,360.0,1.0,Urban,Y,7.730174795246222,0
LP001109,1,,0,1,No,1828,1330.0,100.0,,0.0,Urban,N,7.511524648390866,0
LP001112,0,,0,1,No,3667,1459.0,144.0,360.0,1.0,Semiurban,Y,8.207401833376355,0
LP001114,1,,0,1,No,4166,7210.0,184.0,360.0,1.0,Urban,Y,8.334951631422454,0
LP001116,1,,0,0,No,3748,1668.0,110.0,360.0,1.0,Semiurban,Y,8.229244416735913,0
LP001119,1,,0,1,No,3600,0.0,80.0,360.0,1.0,Urban,N,8.188966863648876,0
LP001120,1,,0,1,No,1800,1213.0,47.0,360.0,1.0,Urban,Y,7.496097345175956,0
LP001123,1,,0,1,No,2400,0.0,75.0,360.0,,Urban,Y,7.783640596221253,0
LP001131,1,,0,1,No,3941,2336.0,134.0,360.0,1.0,Semiurban,Y,8.279443487712665,0
LP001136,1,,0,0,Yes,4695,0.0,96.0,,1.0,Urban,Y,8.454466361507933,0
LP001137,0,,0,1,No,3410,0.0,88.0,,1.0,Urban,Y,8.134760782418645,0
LP001138,1,,1,1,No,5649,0.0,44.0,360.0,1.0,Urban,Y,8.639410824140487,1
LP001144,1,,0,1,No,5821,0.0,144.0,360.0,1.0,Urban,Y,8.669399124305569,0
LP001146,0,,0,1,No,2645,3440.0,120.0,360.0,0.0,Urban,N,7.880804344674901,0
LP001151,0,,0,1,No,4000,2275.0,144.0,360.0,1.0,Semiurban,Y,8.294299608857235,0
LP001155,0,,0,0,No,1928,1644.0,100.0,360.0,1.0,Semiurban,Y,7.564757012905729,0
LP001157,0,,0,1,No,3086,0.0,120.0,360.0,1.0,Semiurban,Y,8.034955024502159,0
LP001164,0,,0,1,No,4230,0.0,112.0,360.0,1.0,Semiurban,N,8.350193650720067,0
LP001179,1,,2,1,No,4616,0.0,134.0,360.0,1.0,Urban,N,8.43750042250699,2
LP001186,0,,1,1,Yes,11500,0.0,286.0,360.0,0.0,Urban,N,9.350189267092581,1
LP001194,1,,2,1,No,2708,1167.0,97.0,360.0,1.0,Semiurban,Y,7.904334842085095,2
LP001195,1,,0,1,No,2132,1591.0,96.0,360.0,1.0,Semiurban,Y,7.665284718471351,0
LP001197,1,,0,1,No,3366,2200.0,135.0,360.0,1.0,Rural,N,8.121777419161074,0
LP001198,1,,1,1,No,8080,2250.0,180.0,360.0,1.0,Urban,Y,8.997270906233448,1
LP001199,1,,2,0,No,3357,2859.0,144.0,360.0,1.0,Urban,Y,8.119100837637486,2
LP001205,1,,0,1,No,2500,3796.0,120.0,360.0,1.0,Urban,Y,7.824445930877619,0
LP001206,1,,3,1,No,3029,0.0,99.0,360.0,1.0,Urban,Y,8.016317898503415,3
LP001207,1,,0,0,Yes,2609,3449.0,165.0,180.0,0.0,Rural,N,7.867105500316739,0
LP001213,1,,1,1,No,4945,0.0,126.0,360.0,0.0,Rural,N,8.506334448081361,1
LP001222,0,,0,1,No,4166,0.0,116.0,360.0,0.0,Semiurban,N,8.334951631422454,0
LP001225,1,,0,1,No,5726,4595.0,258.0,360.0,1.0,Semiurban,N,8.652947112393857,0
LP001228,1,,0,0,No,3200,2254.0,126.0,180.0,0.0,Urban,N,8.071218539969863,0
LP001233,1,,1,1,No,10750,0.0,312.0,360.0,1.0,Urban,Y,9.282754052485227,1
LP001238,1,,3,0,Yes,7100,0.0,125.0,60.0,1.0,Urban,Y,8.867990898182093,3
LP001241,0,,0,1,No,4300,0.0,136.0,360.0,0.0,Semiurban,N,8.366602832783736,0
LP001243,1,,0,1,No,3208,3066.0,172.0,360.0,1.0,Urban,Y,8.073714641109857,0
LP001245,1,,2,0,Yes,1875,1875.0,97.0,360.0,1.0,Semiurban,Y,7.53689712956617,2
LP001248,1,,0,1,No,3500,0.0,81.0,300.0,1.0,Semiurban,Y,8.160803920954665,0
LP001250,1,,3,0,No,4755,0.0,95.0,,0.0,Semiurban,N,8.467162257810672,3
LP001253,1,,3,1,Yes,5266,1774.0,187.0,360.0,1.0,Semiurban,Y,8.569216219483389,3
LP001255,1,,0,1,No,3750,0.0,113.0,480.0,1.0,Urban,N,8.229777750081887,0
LP001256,1,,0,1,No,3750,4750.0,176.0,360.0,1.0,Urban,N,8.229777750081887,0
LP001259,1,,1,1,Yes,1000,3022.0,110.0,360.0,1.0,Urban,N,6.90875477931522,1
LP001263,1,,3,1,No,3167,4000.0,180.0,300.0,0.0,Semiurban,N,8.060855752934316,3
LP001264,1,,3,0,Yes,3333,2166.0,130.0,360.0,,Semiurban,Y,8.111928063310739,3
LP001265,0,,0,1,No,3846,0.0,111.0,360.0,1.0,Semiurban,Y,8.255048902752295,0
LP001266,1,,1,1,Yes,2395,0.0,126.0,360.0,1.0,Semiurban,Y,7.78155595923534,1
LP001267,0,,2,1,No,1378,1881.0,167.0,360.0,1.0,Urban,N,7.229113877793302,2
LP001273,1,,0,1,No,6000,2250.0,265.0,360.0,,Semiurban,N,8.699681400989514,0
LP001275,1,,1,1,No,3988,0.0,50.0,240.0,1.0,Urban,Y,8.291295851905407,1
LP001279,1,,0,1,No,2366,2531.0,136.0,360.0,1.0,Semiurban,Y,7.769378609513984,0
LP001280,1,,2,0,No,3333,2000.0,99.0,360.0,,Semiurban,Y,8.111928063310739,2
LP001282,1,,0,1,No,2500,2118.0,104.0,360.0,1.0,Semiurban,Y,7.824445930877619,0
LP001289,1,,0,1,No,8566,0.0,210.0,360.0,1.0,Urban,Y,9.055672891964043,0
LP001310,1,,0,1,No,5695,4167.0,175.0,360.0,1.0,Semiurban,Y,8.647519453091812,0
LP001316,1,,0,1,No,2958,2900.0,131.0,360.0,1.0,Semiurban,Y,7.99260665240021,0
LP001318,1,,2,1,No,6250,5654.0,188.0,180.0,1.0,Semiurban,Y,8.740496729931813,2
LP001319,1,,2,0,No,3273,1820.0,81.0,360.0,1.0,Urban,Y,8.09376775793108,2
LP001322,1,,0,1,No,4133,0.0,122.0,360.0,1.0,Semiurban,Y,8.327000740241713,0
LP001325,1,,0,0,No,3620,0.0,25.0,120.0,1.0,Semiurban,Y,8.19450550976564,0
LP001326,1,,0,1,,6782,0.0,126.0,360.0,,Urban,N,8.82217476094608,0
LP001327,0,,0,1,No,2484,2302.0,137.0,360.0,1.0,Semiurban,Y,7.818027938530729,0
LP001333,1,,0,1,No,1977,997.0,50.0,360.0,1.0,Semiurban,Y,7.589841512182657,0
LP001334,1,,0,0,No,4188,0.0,115.0,180.0,1.0,Semiurban,Y,8.340217320947035,0
LP001343,1,,0,1,No,1759,3541.0,131.0,360.0,1.0,Semiurban,Y,7.473069088032197,0
LP001345,1,,2,0,No,4288,3263.0,133.0,180.0,1.0,Urban,Y,8.36380888451688,2
LP001349,1,,0,1,No,4843,3806.0,151.0,360.0,1.0,Semiurban,Y,8.485496104672983,0
LP001350,1,,0,1,No,13650,0.0,126.0,360.0,1.0,Urban,Y,9.521568058002977,
LP001356,1,,0,1,No,4652,3583.0,126.0,360.0,1.0,Semiurban,Y,8.445267451844648,0
LP001357,1,,0,1,No,3816,754.0,160.0,360.0,1.0,Urban,Y,8.247220052745229,
LP001367,1,,1,1,No,3052,1030.0,100.0,360.0,1.0,Urban,Y,8.023879992734878,1
LP001369,1,,2,1,No,11417,1126.0,225.0,360.0,1.0,Urban,Y,9.342946336524205,2
LP001370,1,,0,0,,7333,0.0,120.0,360.0,1.0,Rural,N,8.900276348631271,0
LP001379,1,,2,1,No,3800,3600.0,216.0,360.0,0.0,Urban,N,8.24301946898925,2
LP001384,1,,3,0,No,2071,754.0,94.0,480.0,1.0,Semiurban,Y,7.6362696033793735,3
LP001385,1,,0,1,No,5316,0.0,136.0,360.0,1.0,Urban,Y,8.57866451350434,0
LP001387,0,,0,1,,2929,2333.0,139.0,360.0,1.0,Semiurban,Y,7.982757702011113,0
LP001391,1,,0,0,No,3572,4114.0,152.0,,0.0,Rural,N,8.181160858023409,0
LP001392,0,,1,1,Yes,7451,0.0,126.0,360.0,1.0,Semiurban,Y,8.916237731721479,1
LP001398,1,,0,1,,5050,0.0,118.0,360.0,1.0,Semiurban,Y,8.527341522468053,0
LP001401,1,,1,1,No,14583,0.0,185.0,180.0,1.0,Rural,Y,9.5876803163585,1
LP001404,0,,0,1,No,3167,2283.0,154.0,360.0,1.0,Semiurban,Y,8.060855752934316,0
LP001405,1,,1,1,No,2214,1398.0,85.0,360.0,,Urban,Y,7.703007682479236,1
LP001421,1,,0,1,No,5568,2142.0,175.0,360.0,1.0,Rural,N,8.624970783589669,0
LP001422,0,,0,1,No,10408,0.0,259.0,360.0,1.0,Urban,Y,9.250426095515468,0
LP001426,1,,0,1,No,5667,2667.0,180.0,360.0,1.0,Rural,Y,8.64259160081057,
LP001430,0,,0,1,No,4166,0.0,44.0,360.0,1.0,Semiurban,Y,8.334951631422454,0
LP001431,0,,0,1,No,2137,8980.0,137.0,360.0,0.0,Semiurban,Y,7.6676260915849905,0
LP001432,1,,2,1,No,2957,0.0,81.0,360.0,1.0,Semiurban,Y,7.992268643270745,2
LP001439,1,,0,0,No,4300,2014.0,194.0,360.0,1.0,Rural,Y,8.366602832783736,0
LP001443,0,,0,1,No,3692,0.0,93.0,360.0,,Rural,Y,8.214194414852564,0
LP001448,1,,3,1,No,23803,0.0,370.0,360.0,1.0,Rural,Y,10.077608912764743,3
LP001449,1,,0,1,No,3865,1640.0,126.0,360.0,1.0,Rural,Y,8.259975659768276,0
LP001451,1,,1,1,Yes,10513,3850.0,160.0,180.0,0.0,Urban,N,9.260462981379394,1
LP001465,1,,0,1,No,6080,2569.0,182.0,360.0,,Rural,N,8.71292443512011,0
LP001469,1,,0,1,Yes,20166,0.0,650.0,480.0,,Urban,Y,9.911802884139842,0
LP001473,1,,0,1,No,2014,1929.0,74.0,360.0,1.0,Urban,Y,7.608374474380783,0
LP001478,1,,0,1,No,2718,0.0,70.0,360.0,1.0,Semiurban,Y,7.908019444632471,0
LP001482,1,,0,1,Yes,3459,0.0,25.0,120.0,1.0,Semiurban,Y,8.14902386805177,0
LP001487,1,,0,1,No,4895,0.0,102.0,360.0,1.0,Semiurban,Y,8.496173824192162,0
LP001488,1,,3,1,No,4000,7750.0,290.0,360.0,1.0,Semiurban,N,8.294299608857235,3
LP001489,0,,0,1,No,4583,0.0,84.0,360.0,1.0,Rural,N,8.430327258394575,0
LP001491,1,,2,1,Yes,3316,3500.0,88.0,360.0,1.0,Urban,Y,8.106816038947052,2
LP001492,1,,0,1,No,14999,0.0,242.0,360.0,0.0,Semiurban,N,9.615805480084347,0
LP001493,1,,2,0,No,4200,1430.0,129.0,360.0,1.0,Rural,N,8.343077871169383,2
LP001497,1,,2,1,No,5042,2083.0,185.0,360.0,1.0,Rural,N,8.525756422076725,2
LP001498,1,,0,1,No,5417,0.0,168.0,360.0,1.0,Urban,Y,8.59748202264504,0
LP001504,1,,0,1,Yes,6950,0.0,175.0,180.0,1.0,Semiurban,Y,8.846640813100485,0
LP001507,1,,0,1,No,2698,2034.0,122.0,360.0,1.0,Semiurban,Y,7.900636613018005,0
LP001508,1,,2,1,No,11757,0.0,187.0,180.0,1.0,Urban,Y,9.3722891389622,2
LP001514,0,,0,1,No,2330,4486.0,100.0,360.0,1.0,Semiurban,Y,7.754052639035757,0
LP001516,0,,2,1,No,14866,0.0,70.0,360.0,1.0,Urban,Y,9.60689927061335,2
LP001518,1,,1,1,No,1538,1425.0,30.0,360.0,1.0,Urban,Y,7.338888133838879,1
LP001519,0,,0,1,No,10000,1666.0,225.0,360.0,1.0,Rural,N,9.210440366976517,0
LP001520,1,,0,1,No,4860,830.0,125.0,360.0,1.0,Semiurban,Y,8.488999457045455,0
LP001528,1,,0,1,No,6277,0.0,118.0,360.0,0.0,Rural,N,8.744806737401898,0
LP001529,1,,0,1,Yes,2577,3750.0,152.0,360.0,1.0,Rural,Y,7.8547691834991324,0
LP001531,1,,0,1,No,9166,0.0,244.0,360.0,1.0,Urban,N,9.123365357961776,0
LP001532,1,,2,0,No,2281,0.0,113.0,360.0,1.0,Rural,N,7.732807530422021,2
LP001535,1,,0,1,No,3254,0.0,50.0,360.0,1.0,Urban,Y,8.08794755464267,0
LP001536,1,,3,1,No,39999,0.0,600.0,180.0,0.0,Semiurban,Y,10.596634733096073,3
LP001541,1,,1,1,No,6000,0.0,160.0,360.0,,Rural,Y,8.699681400989514,1
LP001543,1,,1,1,No,9538,0.0,187.0,360.0,1.0,Urban,Y,9.163143937145207,1
LP001546,1,,0,1,,2980,2083.0,120.0,360.0,1.0,Rural,Y,8.000014093678072,0
LP001552,1,,0,1,No,4583,5625.0,255.0,360.0,1.0,Semiurban,Y,8.430327258394575,0
LP001560,1,,0,0,No,1863,1041.0,98.0,360.0,1.0,Semiurban,Y,7.530479995245536,0
LP001562,1,,0,1,No,7933,0.0,275.0,360.0,1.0,Urban,N,8.978912601074276,0
LP001565,1,,1,1,No,3089,1280.0,121.0,360.0,0.0,Semiurban,N,8.035926369891792,1
LP001570,1,,2,1,No,4167,1447.0,158.0,360.0,1.0,Rural,Y,8.335191583433202,2
LP001572,1,,0,1,No,9323,0.0,75.0,180.0,1.0,Urban,Y,9.140347000155648,0
LP001574,1,,0,1,No,3707,3166.0,182.0,,1.0,Rural,Y,8.218247926685745,0
LP001577,0,,0,1,No,4583,0.0,112.0,360.0,1.0,Rural,N,8.430327258394575,0
LP001578,1,,0,1,No,2439,3333.0,129.0,360.0,1.0,Rural,Y,7.799753318287247,0
LP001579,1,,0,1,No,2237,0.0,63.0,480.0,0.0,Semiurban,N,7.71333788887187,0
LP001580,1,,2,1,No,8000,0.0,200.0,360.0,1.0,Semiurban,Y,8.987321812850125,2
LP001581,1,,0,0,,1820,1769.0,95.0,360.0,1.0,Rural,Y,7.507141079727608,0
LP001585,1,,3,1,No,51763,0.0,700.0,300.0,1.0,Urban,Y,10.85445020594156,3
LP001586,1,,3,0,No,3522,0.0,81.0,180.0,1.0,Rural,N,8.167068178341237,3
LP001594,1,,0,1,No,5708,5625.0,187.0,360.0,1.0,Semiurban,Y,8.64979915596426,0
LP001603,1,,0,0,Yes,4344,736.0,87.0,360.0,1.0,Semiurban,N,8.376781037699493,0
LP001606,1,,0,1,No,3497,1964.0,116.0,360.0,1.0,Rural,Y,8.159946655578548,0
LP001608,1,,2,1,No,2045,1619.0,101.0,360.0,1.0,Rural,Y,7.6236419465115715,2
LP001610,1,,3,1,No,5516,11300.0,495.0,360.0,0.0,Semiurban,N,8.61558951327243,3
LP001616,1,,1,1,No,3750,0.0,116.0,360.0,1.0,Semiurban,Y,8.229777750081887,1
LP001630,1,,0,0,No,2333,1451.0,102.0,480.0,0.0,Urban,N,7.755338812846501,0
LP001633,1,,1,1,No,6400,7250.0,180.0,360.0,0.0,Urban,N,8.764209507142004,1
LP001634,1,,0,1,No,1916,5063.0,67.0,360.0,,Rural,N,7.558516743045645,0
LP001636,1,,0,1,No,4600,0.0,73.0,180.0,1.0,Semiurban,Y,8.434028950155469,0
LP001637,1,,1,1,No,33846,0.0,260.0,360.0,1.0,Semiurban,N,10.429605648120413,1
LP001639,0,,0,1,No,3625,0.0,108.0,360.0,1.0,Semiurban,Y,8.195885391314796,0
LP001640,1,,0,1,Yes,39147,4750.0,120.0,360.0,1.0,Semiurban,Y,10.57510461454571,0
LP001641,1,,1,1,Yes,2178,0.0,66.0,300.0,0.0,Rural,N,7.68662133494462,1
LP001643,1,,0,1,No,2383,2138.0,58.0,360.0,,Rural,Y,7.776535028185241,0
LP001644,1,,0,1,Yes,674,5296.0,168.0,360.0,1.0,Rural,Y,6.51471269087253,0
LP001647,1,,0,1,No,9328,0.0,188.0,180.0,1.0,Rural,Y,9.140883106960962,0
LP001653,1,,0,0,No,4885,0.0,48.0,360.0,1.0,Rural,Y,8.494129251817686,0
LP001656,1,,0,1,No,12000,0.0,164.0,360.0,1.0,Semiurban,N,9.392745258631441,0
LP001657,1,,0,0,No,6033,0.0,160.0,360.0,1.0,Urban,N,8.705165419719007,0
LP001658,1,,0,1,No,3858,0.0,76.0,360.0,1.0,Semiurban,Y,8.258163361537619,0
LP001664,1,,0,1,No,4191,0.0,120.0,360.0,1.0,Rural,Y,8.340933226000878,0
LP001665,1,,1,1,No,3125,2583.0,170.0,360.0,1.0,Semiurban,N,8.047509510981422,1
LP001666,1,,0,1,No,8333,3750.0,187.0,360.0,1.0,Rural,Y,9.0280988119824,0
LP001669,0,,0,0,No,1907,2365.0,120.0,,1.0,Urban,Y,7.553810852008231,0
LP001671,0,,0,1,No,3416,2816.0,113.0,360.0,,Semiurban,Y,8.136518252115291,0
LP001673,1,,0,1,Yes,11000,0.0,83.0,360.0,1.0,Urban,N,9.305741456739435,0
LP001674,1,,1,0,No,2600,2500.0,90.0,360.0,1.0,Semiurban,Y,7.8636512654486515,1
LP001677,1,,2,1,No,4923,0.0,166.0,360.0,0.0,Semiurban,Y,8.501876487304344,2
LP001682,1,,3,0,No,3992,0.0,126.0,180.0,1.0,Urban,N,8.292298107063221,3
LP001688,1,,1,0,No,3500,1083.0,135.0,360.0,1.0,Urban,Y,8.160803920954665,1
LP001691,1,,2,0,No,3917,0.0,124.0,360.0,1.0,Semiurban,Y,8.273336598504486,2
LP001692,0,,0,0,No,4408,0.0,120.0,360.0,1.0,Semiurban,Y,8.391403185357937,0
LP001693,0,,0,1,No,3244,0.0,80.0,360.0,1.0,Urban,Y,8.08487062913819,0
LP001698,1,,0,0,No,3975,2531.0,55.0,360.0,1.0,Rural,Y,8.288031567776464,0
LP001699,1,,0,1,No,2479,0.0,59.0,360.0,1.0,Urban,Y,7.8160138391590275,0
LP001702,1,,0,1,No,3418,0.0,127.0,360.0,1.0,Semiurban,N,8.137103389639302,0
LP001708,0,,0,1,No,10000,0.0,214.0,360.0,1.0,Semiurban,N,9.210440366976517,0
LP001711,1,,3,1,No,3430,1250.0,128.0,360.0,0.0,Semiurban,N,8.14060704285845,3
LP001713,1,,1,1,Yes,7787,0.0,240.0,360.0,1.0,Urban,Y,8.960339366492091,1
LP001715,1,,3,0,Yes,5703,0.0,130.0,360.0,1.0,Rural,Y,8.648922962094131,3
LP001716,1,,0,1,No,3173,3021.0,137.0,360.0,1.0,Urban,Y,8.062747901086354,0
LP001720,1,,3,0,No,3850,983.0,100.0,360.0,1.0,Semiurban,Y,8.25608813381491,3
LP001722,1,,0,1,No,150,1800.0,135.0,360.0,1.0,Rural,N,5.017279836814924,0
LP001726,1,,0,1,No,3727,1775.0,131.0,360.0,1.0,Semiurban,Y,8.223627175805483,0
LP001732,1,,2,1,,5000,0.0,72.0,360.0,0.0,Semiurban,N,8.517393171418904,2
LP001734,0,,2,1,No,4283,2383.0,127.0,360.0,,Semiurban,Y,8.36264243156764,2
LP001736,1,,0,1,No,2221,0.0,60.0,360.0,0.0,Urban,N,7.706162970199576,0
LP001743,1,,2,1,No,4009,1717.0,116.0,360.0,1.0,Semiurban,Y,8.296546520300614,2
LP001744,1,,0,1,No,2971,2791.0,144.0,360.0,1.0,Semiurban,Y,7.99699040583765,0
LP001749,1,,0,1,No,7578,1010.0,175.0,,1.0,Semiurban,Y,8.93313654381203,0
LP001750,1,,0,1,No,6250,0.0,128.0,360.0,1.0,Semiurban,Y,8.740496729931813,0
LP001751,1,,0,1,No,3250,0.0,170.0,360.0,1.0,Rural,N,8.086717920303906,0
LP001754,1,,0,0,Yes,4735,0.0,138.0,360.0,1.0,Urban,N,8.462948176563842,
LP001758,1,,2,1,No,6250,1695.0,210.0,360.0,1.0,Semiurban,Y,8.740496729931813,2
LP001760,1,,0,1,No,4758,0.0,158.0,480.0,1.0,Semiurban,Y,8.46779284112111,
LP001761,1,,0,1,Yes,6400,0.0,200.0,360.0,1.0,Rural,Y,8.764209507142004,0
LP001765,1,,1,1,No,2491,2054.0,104.0,360.0,1.0,Semiurban,Y,7.820840879907344,1
LP001768,1,,0,1,,3716,0.0,42.0,180.0,1.0,Rural,Y,8.220672170297252,0
LP001770,1,,0,0,No,3189,2598.0,120.0,,1.0,Rural,Y,8.06777619577889,0
LP001776,0,,0,1,No,8333,0.0,280.0,360.0,1.0,Semiurban,Y,9.0280988119824,0
LP001778,1,,1,1,No,3155,1779.0,140.0,360.0,1.0,Semiurban,Y,8.057060681965766,1
LP001784,1,,1,1,No,5500,1260.0,170.0,360.0,1.0,Rural,Y,8.612685172875459,1
LP001786,1,,0,1,,5746,0.0,255.0,360.0,,Urban,N,8.656433258507741,0
LP001788,0,,0,1,Yes,3463,0.0,122.0,360.0,,Urban,Y,8.150179269682326,0
LP001790,0,,1,1,No,3812,0.0,112.0,360.0,1.0,Rural,Y,8.246171559857563,1
LP001792,1,,1,1,No,3315,0.0,96.0,360.0,1.0,Semiurban,Y,8.106514516255185,1
LP001798,1,,2,1,No,5819,5000.0,120.0,360.0,1.0,Rural,Y,8.669055540725484,2
LP001800,1,,1,0,No,2510,1983.0,140.0,180.0,1.0,Urban,N,7.828436359157585,1
LP001806,1,,0,1,No,2965,5701.0,155.0,60.0,1.0,Urban,Y,7.994969522697877,0
LP001807,1,,2,1,Yes,6250,1300.0,108.0,360.0,1.0,Rural,Y,8.740496729931813,2
LP001811,1,,0,0,No,3406,4417.0,123.0,360.0,1.0,Semiurban,Y,8.133587417660966,0
LP001813,1,,0,1,Yes,6050,4333.0,120.0,180.0,1.0,Urban,N,8.707978826622321,0
LP001814,1,,2,1,No,9703,0.0,112.0,360.0,1.0,Urban,Y,9.180293450623886,2
LP001819,1,,1,0,No,6608,0.0,137.0,180.0,1.0,Urban,Y,8.796187635470453,1
LP001824,1,,1,1,No,2882,1843.0,123.0,480.0,1.0,Semiurban,Y,7.9665866976384025,1
LP001825,1,,0,1,No,1809,1868.0,90.0,360.0,1.0,Urban,Y,7.501082124259871,0
LP001835,1,,0,0,No,1668,3890.0,201.0,360.0,0.0,Semiurban,N,7.419979923661835,0
LP001836,0,,2,1,No,3427,0.0,138.0,360.0,1.0,Urban,N,8.13973227971767,2
LP001841,1,,0,0,Yes,2583,2167.0,104.0,360.0,1.0,Rural,Y,7.857093864902493,0
LP001843,1,,1,0,No,2661,7101.0,279.0,180.0,1.0,Semiurban,Y,7.8868329989550565,1
LP001844,1,,0,1,Yes,16250,0.0,192.0,360.0,0.0,Urban,N,9.69590972432601,0
LP001846,0,,3,1,No,3083,0.0,255.0,360.0,1.0,Rural,Y,8.03398273468322,3
LP001849,1,,0,0,No,6045,0.0,115.0,360.0,0.0,Rural,N,8.707152175339404,0
LP001854,1,,3,1,No,5250,0.0,94.0,360.0,1.0,Urban,N,8.566173813637858,3
LP001859,1,,0,1,No,14683,2100.0,304.0,360.0,1.0,Rural,N,9.594513744616725,0
LP001864,1,,3,0,No,4931,0.0,128.0,360.0,,Semiurban,N,8.503499864284235,3
LP001865,1,,1,1,No,6083,4250.0,330.0,360.0,,Urban,Y,8.713417653379183,1
LP001868,1,,0,1,No,2060,2209.0,134.0,360.0,1.0,Semiurban,Y,7.630946580890459,0
LP001870,0,,1,1,No,3481,0.0,155.0,36.0,1.0,Semiurban,N,8.155362120328135,1
LP001871,0,,0,1,No,7200,0.0,120.0,360.0,1.0,Rural,Y,8.881975184248867,0
LP001872,1,,0,1,Yes,5166,0.0,128.0,360.0,1.0,Semiurban,Y,8.550047528287184,0
LP001875,1,,0,1,No,4095,3447.0,151.0,360.0,1.0,Rural,Y,8.317766166719343,0
LP001877,1,,2,1,No,4708,1387.0,150.0,360.0,1.0,Semiurban,Y,8.457230850243555,2
LP001882,1,,3,1,No,4333,1811.0,160.0,360.0,0.0,Urban,Y,8.374246182096304,3
LP001883,0,,0,1,,3418,0.0,135.0,360.0,1.0,Rural,N,8.137103389639302,0
LP001884,0,,1,1,No,2876,1560.0,90.0,360.0,1.0,Urban,Y,7.964503363551548,1
LP001888,0,,0,1,No,3237,0.0,30.0,360.0,1.0,Urban,Y,8.08271113423758,0
LP001891,1,,0,1,No,11146,0.0,136.0,360.0,1.0,Urban,Y,9.318925682389624,0
LP001892,1,,0,1,No,2833,1857.0,126.0,360.0,1.0,Rural,Y,7.949444420250626,0
LP001894,1,,0,1,No,2620,2223.0,150.0,360.0,1.0,Semiurban,Y,7.8713112033234065,0
LP001896,1,,2,1,No,3900,0.0,90.0,360.0,1.0,Semiurban,Y,8.268988209506656,2
LP001900,1,,1,1,No,2750,1842.0,115.0,360.0,1.0,Semiurban,Y,7.919719760924575,1
LP001903,1,,0,1,No,3993,3274.0,207.0,360.0,1.0,Semiurban,Y,8.29254851397576,0
LP001904,1,,0,1,No,3103,1300.0,80.0,360.0,1.0,Urban,Y,8.04044688130311,0
LP001907,1,,0,1,No,14583,0.0,436.0,360.0,1.0,Semiurban,Y,9.5876803163585,0
LP001908,0,,0,0,No,4100,0.0,124.0,360.0,,Rural,Y,8.31898612539206,0
LP001910,1,,1,0,Yes,4053,2426.0,158.0,360.0,0.0,Urban,N,8.307459327011946,1
LP001914,1,,0,1,No,3927,800.0,112.0,360.0,1.0,Semiurban,Y,8.275885669474356,0
LP001915,1,,2,1,No,2301,985.7999878,78.0,180.0,1.0,Urban,Y,7.741533589281828,2
LP001917,0,,0,1,No,1811,1666.0,54.0,360.0,1.0,Urban,Y,7.502186486602924,0
LP001922,1,,0,1,No,20667,0.0,126.0,360.0,1.0,Rural,N,9.936341889407075,0
LP001924,1,,0,1,No,3158,3053.0,89.0,360.0,1.0,Rural,Y,8.058010800802085,0
LP001925,0,,0,1,Yes,2600,1717.0,99.0,300.0,1.0,Semiurban,N,7.8636512654486515,0
LP001926,1,,0,1,No,3704,2000.0,120.0,360.0,1.0,Rural,Y,8.217438537730187,0
LP001931,0,,0,1,No,4124,0.0,115.0,360.0,1.0,Semiurban,Y,8.324821298768782,0
LP001935,1,,0,1,No,9508,0.0,187.0,360.0,1.0,Rural,Y,9.159993997539445,0
LP001936,1,,0,1,No,3075,2416.0,139.0,360.0,1.0,Rural,Y,8.031385330625534,0
LP001938,1,,2,1,No,4400,0.0,127.0,360.0,0.0,Semiurban,N,8.38958706681109,2
LP001940,1,,2,1,No,3153,1560.0,134.0,360.0,1.0,Urban,Y,8.056426767522984,2
LP001945,0,,0,1,No,5417,0.0,143.0,480.0,0.0,Urban,N,8.59748202264504,
LP001947,1,,0,1,No,2383,3334.0,172.0,360.0,1.0,Semiurban,Y,7.776535028185241,0
LP001949,1,,3,1,,4416,1250.0,110.0,360.0,1.0,Urban,Y,8.393216011596527,3
LP001953,1,,1,1,No,6875,0.0,200.0,360.0,1.0,Semiurban,Y,8.83579236650274,1
LP001954,0,,1,1,No,4666,0.0,135.0,360.0,1.0,Urban,Y,8.448271745949816,1
LP001955,0,,0,1,No,5000,2541.0,151.0,480.0,1.0,Rural,N,8.517393171418904,0
LP001963,1,,1,1,No,2014,2925.0,113.0,360.0,1.0,Urban,N,7.608374474380783,1
LP001964,1,,0,0,No,1800,2934.0,93.0,360.0,0.0,Urban,N,7.496097345175956,0
LP001972,1,,0,0,No,2875,1750.0,105.0,360.0,1.0,Semiurban,Y,7.964155718840937,
LP001974,0,,0,1,No,5000,0.0,132.0,360.0,1.0,Rural,Y,8.517393171418904,0
LP001977,1,,1,1,No,1625,1803.0,96.0,360.0,1.0,Urban,Y,7.3938782901077555,1
LP001978,1,,0,1,No,4000,2500.0,140.0,360.0,1.0,Rural,Y,8.294299608857235,0
LP001990,1,,0,0,No,2000,0.0,126.0,360.0,1.0,Urban,N,7.601402334583733,0
LP001993,0,,0,1,No,3762,1666.0,135.0,360.0,1.0,Rural,Y,8.232971790593437,0
LP001994,0,,0,1,No,2400,1863.0,104.0,360.0,0.0,Urban,N,7.783640596221253,0
LP001996,1,,0,1,No,20233,0.0,480.0,360.0,1.0,Rural,N,9.915119636765835,0
LP001998,1,,2,0,No,7667,0.0,185.0,360.0,,Rural,Y,8.944811104165534,2
LP002002,0,,0,1,No,2917,0.0,84.0,360.0,1.0,Semiurban,Y,7.978653729082731,0
LP002004,1,,0,0,No,2927,2405.0,111.0,360.0,1.0,Semiurban,Y,7.982074875081202,0
LP002006,0,,0,1,No,2507,0.0,56.0,360.0,1.0,Rural,Y,7.827240901752812,0
LP002008,1,,2,1,Yes,5746,0.0,144.0,84.0,,Rural,Y,8.656433258507741,2
LP002024,1,,0,1,No,2473,1843.0,159.0,360.0,1.0,Rural,N,7.813591552952433,0
LP002031,1,,1,0,No,3399,1640.0,111.0,180.0,1.0,Urban,Y,8.131530710604252,1
LP002035,1,,2,1,No,3717,0.0,120.0,360.0,1.0,Semiurban,Y,8.220941168281389,2
LP002036,1,,0,1,No,2058,2134.0,88.0,360.0,,Urban,Y,7.629975707027789,0
LP002043,0,,1,1,No,3541,0.0,112.0,360.0,,Semiurban,Y,8.17244681834278,1
LP002050,1,,1,1,Yes,10000,0.0,155.0,360.0,1.0,Rural,N,9.210440366976517,1
LP002051,1,,0,1,No,2400,2167.0,115.0,360.0,1.0,Semiurban,Y,7.783640596221253,0
LP002053,1,,3,1,No,4342,189.0,124.0,360.0,1.0,Semiurban,Y,8.376320632534823,3
LP002054,1,,2,0,No,3601,1590.0,126.0,360.0,1.0,Rural,Y,8.189244525735901,2
LP002055,0,,0,1,No,3166,2985.0,132.0,360.0,,Rural,Y,8.06054004653864,0
LP002065,1,,3,1,No,15000,0.0,300.0,360.0,1.0,Rural,Y,9.61587214452889,3
LP002067,1,,1,1,Yes,8666,4983.0,376.0,360.0,0.0,Rural,N,9.067277989134345,1
LP002068,1,,0,1,No,4917,0.0,130.0,360.0,0.0,Rural,Y,8.500657222776137,0
LP002082,1,,0,1,Yes,5818,2160.0,184.0,360.0,1.0,Semiurban,Y,8.66888370465667,0
LP002086,0,,0,1,No,4333,2451.0,110.0,360.0,1.0,Urban,N,8.374246182096304,0
LP002087,0,,0,1,No,2500,0.0,67.0,360.0,1.0,Urban,Y,7.824445930877619,0
LP002097,1,,1,1,No,4384,1793.0,117.0,360.0,1.0,Urban,Y,8.385944904806284,1
LP002098,1,,0,1,No,2935,0.0,98.0,360.0,1.0,Semiurban,Y,7.984803389734406,0
LP002100,1,,0,1,No,2833,0.0,71.0,360.0,1.0,Urban,Y,7.949444420250626,
LP002101,1,,0,1,,63337,0.0,490.0,180.0,1.0,Urban,Y,11.056240743970491,0
LP002103,1,,1,1,Yes,9833,1833.0,182.0,180.0,1.0,Urban,Y,9.193601047971885,1
LP002106,1,,0,1,Yes,5503,4490.0,70.0,,1.0,Semiurban,Y,8.61323037961318,
LP002110,1,,1,1,,5250,688.0,160.0,360.0,1.0,Rural,Y,8.566173813637858,1
LP002112,1,,2,1,Yes,2500,4600.0,176.0,360.0,1.0,Rural,Y,7.824445930877619,2
LP002113,0,,3,0,No,1830,0.0,126.0,360.0,0.0,Urban,N,7.5126175446745105,3
LP002114,0,,0,1,No,4160,0.0,71.0,360.0,1.0,Semiurban,Y,8.333510708982942,0
LP002115,1,,3,0,No,2647,1587.0,173.0,360.0,1.0,Rural,N,7.881559917056899,3
LP002116,0,,0,1,No,2378,0.0,46.0,360.0,1.0,Rural,N,7.774435510302958,0
LP002119,1,,1,0,No,4554,1229.0,158.0,360.0,1.0,Urban,Y,8.423980809694058,1
LP002126,1,,3,0,No,3173,0.0,74.0,360.0,1.0,Semiurban,Y,8.062747901086354,3
LP002128,1,,2,1,,2583,2330.0,125.0,360.0,1.0,Rural,Y,7.857093864902493,2
LP002129,1,,0,1,No,2499,2458.0,160.0,360.0,1.0,Semiurban,Y,7.824046010856292,0
LP002130,1,,0,0,No,3523,3230.0,152.0,360.0,0.0,Rural,N,8.16735198705607,
LP002131,1,,2,0,No,3083,2168.0,126.0,360.0,1.0,Urban,Y,8.03398273468322,2
LP002137,1,,0,1,No,6333,4583.0,259.0,360.0,,Semiurban,Y,8.753687227098585,0
LP002138,1,,0,1,No,2625,6250.0,187.0,360.0,1.0,Rural,Y,7.873217054862741,0
LP002139,1,,0,1,No,9083,0.0,228.0,360.0,1.0,Semiurban,Y,9.114269903225448,0
LP002140,1,,0,1,No,8750,4167.0,308.0,360.0,1.0,Rural,N,9.076923258535832,0
LP002141,1,,3,1,No,2666,2083.0,95.0,360.0,1.0,Rural,Y,7.888709524182015,3
LP002142,0,,0,1,Yes,5500,0.0,105.0,360.0,0.0,Rural,N,8.612685172875459,0
LP002143,0,,0,1,No,2423,505.0,130.0,360.0,1.0,Semiurban,Y,7.793174347189205,0
LP002144,0,,0,1,No,3813,0.0,116.0,180.0,1.0,Urban,Y,8.246433786160365,
LP002149,1,,2,1,No,8333,3167.0,165.0,360.0,1.0,Rural,Y,9.0280988119824,2
LP002151,1,,1,1,No,3875,0.0,67.0,360.0,1.0,Urban,N,8.262558973010657,1
LP002158,1,,0,0,No,3000,1666.0,100.0,480.0,0.0,Urban,N,8.006700845440367,0
LP002160,1,,3,1,No,5167,3167.0,200.0,360.0,1.0,Semiurban,Y,8.550241045462437,3
LP002161,0,,1,1,No,4723,0.0,81.0,360.0,1.0,Semiurban,N,8.460411177317253,1
LP002170,1,,2,1,No,5000,3667.0,236.0,360.0,1.0,Semiurban,Y,8.517393171418904,2
LP002175,1,,0,1,No,4750,2333.0,130.0,360.0,1.0,Urban,Y,8.46611040118692,0
LP002178,1,,0,1,No,3013,3033.0,95.0,300.0,,Urban,Y,8.01102337918644,0
LP002180,1,,0,1,Yes,6822,0.0,141.0,360.0,1.0,Rural,Y,8.828054536815424,0
LP002181,1,,0,0,No,6216,0.0,133.0,360.0,1.0,Rural,N,8.735042754269337,0
LP002187,1,,0,1,No,2500,0.0,96.0,480.0,1.0,Semiurban,N,7.824445930877619,0
LP002188,1,,0,1,No,5124,0.0,124.0,,0.0,Rural,N,8.54188580400661,0
LP002190,1,,1,1,No,6325,0.0,175.0,360.0,1.0,Semiurban,Y,8.752423403865594,1
LP002191,1,,0,1,No,19730,5266.0,570.0,360.0,1.0,Rural,N,9.889946281969461,0
LP002194,0,,0,1,Yes,15759,0.0,55.0,360.0,1.0,Semiurban,Y,9.66523036341187,0
LP002197,1,,2,1,No,5185,0.0,155.0,360.0,1.0,Semiurban,Y,8.55371796609861,2
LP002201,1,,2,1,Yes,9323,7873.0,380.0,300.0,1.0,Rural,Y,9.140347000155648,2
LP002205,1,,1,1,No,3062,1987.0,111.0,180.0,0.0,Urban,N,8.027150106832774,1
LP002209,0,,0,1,,2764,1459.0,110.0,360.0,1.0,Urban,Y,7.9247959139564355,0
LP002211,1,,0,1,No,4817,923.0,120.0,180.0,1.0,Urban,Y,8.480114183174816,0
LP002219,1,,3,1,No,8750,4996.0,130.0,360.0,1.0,Rural,Y,9.076923258535832,3
LP002223,1,,0,1,No,4310,0.0,130.0,360.0,,Semiurban,Y,8.368925174747135,0
LP002224,1,,0,1,No,3069,0.0,71.0,480.0,1.0,Urban,N,8.029432840581244,0
LP002225,1,,2,1,No,5391,0.0,130.0,360.0,1.0,Urban,Y,8.592671652592143,2
LP002226,1,,0,1,,3333,2500.0,128.0,360.0,1.0,Semiurban,Y,8.111928063310739,0
LP002229,1,,0,1,No,5941,4232.0,296.0,360.0,1.0,Semiurban,Y,8.689801056022553,0
LP002231,0,,0,1,No,6000,0.0,156.0,360.0,1.0,Urban,Y,8.699681400989514,0
LP002234,1,,0,1,Yes,7167,0.0,128.0,360.0,1.0,Urban,Y,8.877381954654766,0
LP002236,1,,2,1,No,4566,0.0,100.0,360.0,1.0,Urban,N,8.426611813185,2
LP002237,1,,1,1,,3667,0.0,113.0,180.0,1.0,Urban,Y,8.207401833376355,1
LP002239,1,,0,0,No,2346,1600.0,132.0,360.0,1.0,Semiurban,Y,7.760893195851024,0
LP002243,1,,0,0,No,3010,3136.0,126.0,360.0,0.0,Urban,N,8.010027528481734,0
LP002244,1,,0,1,No,2333,2417.0,136.0,360.0,1.0,Urban,Y,7.755338812846501,0
LP002250,1,,0,1,No,5488,0.0,125.0,360.0,1.0,Rural,Y,8.610501368549889,0
LP002255,1,,3,1,No,9167,0.0,185.0,360.0,1.0,Rural,Y,9.12347443895452,3
LP002262,1,,3,1,No,9504,0.0,275.0,360.0,1.0,Rural,Y,9.15957325492253,3
LP002263,1,,0,1,No,2583,2115.0,120.0,360.0,,Urban,Y,7.857093864902493,0
LP002265,1,,2,0,No,1993,1625.0,113.0,180.0,1.0,Semiurban,Y,7.597897950521784,2
LP002266,1,,2,1,No,3100,1400.0,113.0,360.0,1.0,Urban,Y,8.03947991910045,2
LP002272,1,,2,1,No,3276,484.0,135.0,360.0,,Semiurban,Y,8.094683648698815,2
LP002277,0,,0,1,No,3180,0.0,71.0,360.0,0.0,Urban,N,8.064950891749143,0
LP002281,1,,0,1,No,3033,1459.0,95.0,360.0,1.0,Urban,Y,8.017637159908478,0
LP002284,1,,0,0,No,3902,1666.0,109.0,360.0,1.0,Rural,Y,8.269500767180615,0
LP002287,0,,0,1,No,1500,1800.0,103.0,360.0,0.0,Semiurban,N,7.313886831633462,0
LP002288,1,,2,0,No,2889,0.0,45.0,180.0,0.0,Urban,N,7.969011781106478,2
LP002296,1,,0,0,No,2755,0.0,65.0,300.0,1.0,Rural,N,7.9215356321335495,0
LP002297,1,,0,1,No,2500,20000.0,103.0,360.0,1.0,Semiurban,Y,7.824445930877619,0
LP002300,0,,0,0,No,1963,0.0,53.0,360.0,1.0,Semiurban,Y,7.582738488914411,0
LP002301,0,,0,1,Yes,7441,0.0,194.0,360.0,1.0,Rural,N,8.914894908906568,0
LP002305,0,,0,1,No,4547,0.0,115.0,360.0,1.0,Semiurban,Y,8.422442854870427,0
LP002308,1,,0,0,No,2167,2400.0,115.0,360.0,1.0,Urban,Y,7.681560362559537,0
LP002314,0,,0,0,No,2213,0.0,66.0,360.0,1.0,Rural,Y,7.7025561132685825,0
LP002315,1,,1,1,No,8300,0.0,152.0,300.0,0.0,Semiurban,N,9.024131268455035,1
LP002317,1,,3,1,No,81000,0.0,360.0,360.0,0.0,Rural,N,11.302216779257382,3
LP002318,0,,1,0,Yes,3867,0.0,62.0,360.0,1.0,Semiurban,N,8.260492856573185,1
LP002319,1,,0,1,,6256,0.0,160.0,360.0,,Urban,Y,8.741456115998364,0
LP002328,1,,0,0,No,6096,0.0,218.0,360.0,0.0,Rural,N,8.715552125907816,0
LP002332,1,,0,0,No,2253,2033.0,110.0,360.0,1.0,Rural,Y,7.720461694599722,0
LP002335,0,,0,0,No,2149,3237.0,178.0,360.0,0.0,Semiurban,N,7.673223121121708,0
LP002337,0,,0,1,No,2995,0.0,60.0,360.0,1.0,Urban,Y,8.005033344637111,0
LP002341,0,,1,1,No,2600,0.0,160.0,360.0,1.0,Urban,N,7.8636512654486515,1
LP002342,1,,2,1,Yes,1600,20000.0,239.0,360.0,1.0,Urban,N,7.3783837129967145,2
LP002345,1,,0,1,No,1025,2773.0,112.0,360.0,1.0,Rural,Y,6.933423025730715,0
LP002347,1,,0,1,No,3246,1417.0,138.0,360.0,1.0,Semiurban,Y,8.085486772102845,0
LP002348,1,,0,1,No,5829,0.0,138.0,360.0,1.0,Rural,Y,8.670772279344538,0
LP002357,0,,0,0,No,2720,0.0,80.0,,0.0,Urban,N,7.908754738783246,0
LP002361,1,,0,1,No,1820,1719.0,100.0,360.0,1.0,Urban,Y,7.507141079727608,0
LP002362,1,,1,1,No,7250,1667.0,110.0,,0.0,Urban,N,8.888894669371593,1
LP002364,1,,0,1,No,14880,0.0,96.0,360.0,1.0,Semiurban,Y,9.60784051043005,0
LP002366,1,,0,1,No,2666,4300.0,121.0,360.0,1.0,Rural,Y,7.888709524182015,0
LP002367,0,,1,0,No,4606,0.0,81.0,360.0,1.0,Rural,N,8.435332164935916,1
LP002368,1,,2,1,No,5935,0.0,133.0,360.0,1.0,Semiurban,Y,8.688790784847216,2
LP002369,1,,0,1,No,2920,16.12000084,87.0,360.0,1.0,Rural,Y,7.979681302387741,0
LP002370,1,,0,0,No,2717,0.0,60.0,180.0,1.0,Urban,Y,7.907651594711089,0
LP002377,0,,1,1,Yes,8624,0.0,150.0,360.0,1.0,Semiurban,Y,9.062420241899561,1
LP002379,1,,0,1,No,6500,0.0,105.0,360.0,0.0,Rural,N,8.77971129020447,0
LP002386,1,,0,1,,12876,0.0,405.0,360.0,1.0,Semiurban,Y,9.463198053273784,0
LP002387,1,,0,1,No,2425,2340.0,143.0,360.0,1.0,Semiurban,Y,7.793999089503996,0
LP002390,1,,0,1,No,3750,0.0,100.0,360.0,1.0,Urban,Y,8.229777750081887,0
LP002393,0,,0,1,No,10047,0.0,126.0,240.0,1.0,Semiurban,Y,9.21512888870798,
LP002398,1,,0,1,No,1926,1851.0,50.0,360.0,1.0,Semiurban,Y,7.563719668414366,0
LP002401,1,,0,1,No,2213,1125.0,126.0,360.0,1.0,Urban,Y,7.7025561132685825,0
LP002403,1,,0,1,Yes,10416,0.0,187.0,360.0,0.0,Urban,N,9.251194365984448,0
LP002407,0,,0,0,Yes,7142,0.0,138.0,360.0,1.0,Rural,Y,8.873888135154973,0
LP002408,1,,0,1,No,3660,5064.0,187.0,360.0,1.0,Semiurban,Y,8.205491613120236,0
LP002409,1,,0,1,No,7901,1833.0,180.0,360.0,1.0,Rural,Y,8.974871170971337,0
LP002418,1,,3,0,No,4707,1993.0,148.0,360.0,1.0,Semiurban,Y,8.457018468380168,3
LP002422,1,,1,1,No,37719,0.0,152.0,360.0,1.0,Semiurban,Y,10.537945736747394,1
LP002424,1,,0,1,No,7333,8333.0,175.0,300.0,,Rural,Y,8.900276348631271,0
LP002429,1,,1,1,Yes,3466,1210.0,130.0,360.0,1.0,Rural,Y,8.151044945685024,1
LP002434,1,,2,0,No,4652,0.0,110.0,360.0,1.0,Rural,Y,8.445267451844648,2
LP002435,1,,0,1,,3539,1376.0,55.0,360.0,1.0,Rural,N,8.17188200612782,0
LP002443,1,,2,1,No,3340,1710.0,150.0,360.0,0.0,Rural,N,8.114025442356757,2
LP002444,1,,1,0,Yes,2769,1542.0,190.0,360.0,,Semiurban,N,7.926602599181384,1
LP002446,1,,2,0,No,2309,1255.0,125.0,360.0,0.0,Rural,N,7.745002803515839,2
LP002447,1,,2,0,No,1958,1456.0,60.0,300.0,,Urban,Y,7.580189417944541,2
LP002448,1,,0,1,No,3948,1733.0,149.0,360.0,0.0,Rural,N,8.28121766128665,0
LP002449,1,,0,1,No,2483,2466.0,90.0,180.0,0.0,Rural,Y,7.81762544305337,0
LP002453,1,,0,1,Yes,7085,0.0,84.0,360.0,1.0,Semiurban,Y,8.865876285425417,0
LP002455,1,,2,1,No,3859,0.0,96.0,360.0,1.0,Semiurban,Y,8.258422462458876,2
LP002459,1,,0,1,No,4301,0.0,118.0,360.0,1.0,Urban,Y,8.366835309827675,0
LP002467,1,,0,1,No,3708,2569.0,173.0,360.0,1.0,Urban,N,8.21851757748959,0
LP002472,1,,2,1,No,4354,0.0,136.0,360.0,1.0,Rural,Y,8.379079889286603,2
LP002473,1,,0,1,No,8334,0.0,160.0,360.0,1.0,Semiurban,N,9.028218795184895,0
LP002478,1,,0,1,Yes,2083,4083.0,160.0,360.0,,Semiurban,Y,7.642044402873258,0
LP002484,1,,3,1,No,7740,0.0,128.0,180.0,1.0,Urban,Y,8.954286157204713,3
LP002487,1,,0,1,No,3015,2188.0,153.0,360.0,1.0,Rural,Y,8.011686729127847,0
LP002489,0,,1,0,,5191,0.0,132.0,360.0,1.0,Semiurban,Y,8.554874258383926,1
LP002493,1,,0,1,No,4166,0.0,98.0,360.0,0.0,Semiurban,N,8.334951631422454,0
LP002494,1,,0,1,No,6000,0.0,140.0,360.0,1.0,Rural,Y,8.699681400989514,0
LP002500,1,,3,0,No,2947,1664.0,70.0,180.0,0.0,Urban,N,7.988882253309227,3
LP002501,1,,0,1,No,16692,0.0,110.0,360.0,1.0,Semiurban,Y,9.722744748855389,0
LP002502,0,,2,0,,210,2917.0,98.0,360.0,1.0,Semiurban,Y,5.351858133476067,2
LP002505,1,,0,1,No,4333,2451.0,110.0,360.0,1.0,Urban,N,8.374246182096304,0
LP002515,1,,1,1,Yes,3450,2079.0,162.0,360.0,1.0,Semiurban,Y,8.146419323098003,1
LP002517,1,,1,0,No,2653,1500.0,113.0,180.0,0.0,Rural,N,7.8838232148921525,1
LP002519,1,,3,1,No,4691,0.0,100.0,360.0,1.0,Semiurban,Y,8.453614209773367,3
LP002522,0,,0,1,Yes,2500,0.0,93.0,360.0,,Urban,Y,7.824445930877619,0
LP002524,1,,2,1,No,5532,4648.0,162.0,360.0,1.0,Rural,Y,8.618485442898109,2
LP002527,1,,2,1,Yes,16525,1014.0,150.0,360.0,1.0,Rural,Y,9.71269017726113,2
LP002529,1,,2,1,No,6700,1750.0,230.0,300.0,1.0,Semiurban,Y,8.81001204797317,2
LP002530,1,,2,1,No,2873,1872.0,132.0,360.0,0.0,Semiurban,N,7.96346006663897,2
LP002531,1,,1,1,Yes,16667,2250.0,86.0,360.0,1.0,Semiurban,Y,9.721245992542345,1
LP002533,1,,2,1,No,2947,1603.0,126.0,360.0,1.0,Urban,N,7.988882253309227,2
LP002534,0,,0,0,No,4350,0.0,154.0,360.0,1.0,Rural,Y,8.37816098272068,0
LP002536,1,,3,0,No,3095,0.0,113.0,360.0,1.0,Rural,Y,8.037866234709618,3
LP002537,1,,0,1,No,2083,3150.0,128.0,360.0,1.0,Semiurban,Y,7.642044402873258,0
LP002541,1,,0,1,No,10833,0.0,234.0,360.0,1.0,Semiurban,Y,9.290444616217844,0
LP002543,1,,2,1,No,8333,0.0,246.0,360.0,1.0,Semiurban,Y,9.0280988119824,2
LP002544,1,,1,0,No,1958,2436.0,131.0,360.0,1.0,Rural,Y,7.580189417944541,1
LP002545,1,,2,1,No,3547,0.0,80.0,360.0,0.0,Rural,N,8.17413934342947,2
LP002547,1,,1,1,No,18333,0.0,500.0,360.0,1.0,Urban,N,9.816512538521721,1
LP002555,1,,2,1,Yes,4583,2083.0,160.0,360.0,1.0,Semiurban,Y,8.430327258394575,2
LP002556,1,,0,1,No,2435,0.0,75.0,360.0,1.0,Urban,N,7.798112628829788,0
LP002560,1,,0,0,No,2699,2785.0,96.0,360.0,,Semiurban,Y,7.90100705199242,0
LP002562,1,,1,0,No,5333,1131.0,186.0,360.0,,Urban,Y,8.58185670474196,1
LP002571,1,,0,0,No,3691,0.0,110.0,360.0,1.0,Rural,Y,8.213923595622743,0
LP002582,0,,0,0,Yes,17263,0.0,225.0,360.0,1.0,Semiurban,Y,9.756378687497916,0
LP002585,1,,0,1,No,3597,2157.0,119.0,360.0,0.0,Rural,N,8.188133414510478,0
LP002586,0,,1,1,No,3326,913.0,105.0,84.0,1.0,Semiurban,Y,8.109826276018477,1
LP002587,1,,0,0,No,2600,1700.0,107.0,360.0,1.0,Rural,Y,7.8636512654486515,0
LP002588,1,,0,1,No,4625,2857.0,111.0,12.0,,Urban,Y,8.439447842791385,0
LP002600,1,,1,1,Yes,2895,0.0,95.0,360.0,1.0,Semiurban,Y,7.971085753505607,1
LP002602,1,,0,1,No,6283,4416.0,209.0,360.0,0.0,Rural,N,8.745761999375512,0
LP002603,0,,0,1,No,645,3683.0,113.0,480.0,1.0,Rural,Y,6.470799503782602,0
LP002606,0,,0,1,No,3159,0.0,100.0,360.0,1.0,Semiurban,Y,8.058327306580958,0
LP002615,1,,2,1,No,4865,5624.0,208.0,360.0,1.0,Semiurban,Y,8.490027523343468,2
LP002618,1,,1,0,No,4050,5302.0,138.0,360.0,,Rural,N,8.30671904320269,1
LP002619,1,,0,0,No,3814,1483.0,124.0,300.0,1.0,Semiurban,Y,8.246695943718557,0
LP002622,1,,2,1,No,3510,4416.0,243.0,360.0,1.0,Rural,Y,8.163656176168432,2
LP002624,1,,0,1,No,20833,6667.0,480.0,360.0,,Urban,Y,9.944341546544393,0
LP002625,1,,0,1,No,3583,0.0,96.0,360.0,1.0,Urban,N,8.18423477409482,0
LP002626,1,,0,1,Yes,2479,3013.0,188.0,360.0,1.0,Urban,Y,7.8160138391590275,0
LP002634,0,,1,1,No,13262,0.0,40.0,360.0,1.0,Urban,Y,9.492733482494353,1
LP002637,1,,0,0,No,3598,1287.0,100.0,360.0,1.0,Rural,N,8.188411308079031,0
LP002640,1,,1,1,No,6065,2004.0,250.0,360.0,1.0,Semiurban,Y,8.710454688248527,1
LP002643,1,,2,1,No,3283,2035.0,148.0,360.0,1.0,Urban,Y,8.096817470572319,2
LP002648,1,,0,1,No,2130,6666.0,70.0,180.0,1.0,Semiurban,N,7.664346632098617,0
LP002652,1,,0,1,No,5815,3666.0,311.0,360.0,1.0,Rural,N,8.668368019213355,0
LP002659,1,,3,1,No,3466,3428.0,150.0,360.0,1.0,Rural,Y,8.151044945685024,3
LP002670,0,,2,1,No,2031,1632.0,113.0,480.0,1.0,Semiurban,Y,7.616775808698373,2
LP002682,1,,0,0,No,3074,1800.0,123.0,360.0,0.0,Semiurban,N,8.031060180240619,
LP002683,1,,0,1,No,4683,1915.0,185.0,360.0,1.0,Semiurban,N,8.451907724717607,0
LP002684,0,,0,0,No,3400,0.0,95.0,360.0,1.0,Rural,N,8.131824785007195,0
LP002689,1,,2,0,No,2192,1742.0,45.0,360.0,1.0,Semiurban,Y,7.693025748417888,2
LP002690,1,,0,1,No,2500,0.0,55.0,360.0,1.0,Semiurban,Y,7.824445930877619,0
LP002692,1,,3,1,Yes,5677,1424.0,100.0,360.0,1.0,Rural,Y,8.644354337032917,3
LP002693,1,,2,1,Yes,7948,7166.0,480.0,360.0,1.0,Rural,Y,8.980801413573113,2
LP002697,1,,0,1,No,4680,2087.0,126.0,360.0,1.0,Semiurban,N,8.45126704130007,0
LP002699,1,,2,1,Yes,17500,0.0,400.0,360.0,1.0,Rural,Y,9.770013301136158,2
LP002705,1,,0,1,No,3775,0.0,110.0,360.0,1.0,Semiurban,Y,8.236420527265391,0
LP002706,1,,1,0,No,5285,1430.0,161.0,360.0,0.0,Semiurban,Y,8.572817095164234,1
LP002714,1,,1,0,No,2679,1302.0,94.0,360.0,1.0,Semiurban,Y,7.893572073504902,1
LP002716,1,,0,0,No,6783,0.0,130.0,360.0,1.0,Semiurban,Y,8.822322177471738,0
LP002717,1,,0,1,No,1025,5500.0,216.0,360.0,,Rural,Y,6.933423025730715,0
LP002720,1,,3,1,No,4281,0.0,100.0,360.0,1.0,Urban,Y,8.362175469149628,3
LP002723,1,,2,1,No,3588,0.0,110.0,360.0,0.0,Rural,N,8.185628891147607,2
LP002729,1,,1,1,No,11250,0.0,196.0,360.0,,Semiurban,N,9.328212292571072,1
LP002731,0,,0,0,Yes,18165,0.0,125.0,360.0,1.0,Urban,Y,9.80730699406216,0
LP002732,1,,0,0,,2550,2042.0,126.0,360.0,1.0,Rural,Y,7.844240718141811,0
LP002734,1,,0,1,No,6133,3906.0,324.0,360.0,1.0,Urban,Y,8.721602344674197,0
LP002738,1,,2,1,No,3617,0.0,107.0,360.0,1.0,Semiurban,Y,8.193676665955241,2
LP002739,1,,0,0,No,2917,536.0,66.0,360.0,1.0,Rural,N,7.978653729082731,0
LP002740,1,,3,1,No,6417,0.0,157.0,180.0,1.0,Rural,Y,8.766861821669803,3
LP002741,0,,1,1,No,4608,2845.0,140.0,180.0,1.0,Semiurban,Y,8.435766192720509,1
LP002743,0,,0,1,No,2138,0.0,99.0,360.0,0.0,Semiurban,N,7.668093709082406,0
LP002753,0,,1,1,,3652,0.0,95.0,360.0,1.0,Semiurban,Y,8.203304026795282,1
LP002755,1,,1,0,No,2239,2524.0,128.0,360.0,1.0,Urban,Y,7.7142311448490855,1
LP002757,0,,0,0,No,3017,663.0,102.0,360.0,,Semiurban,Y,8.012349639327795,0
LP002767,1,,0,1,No,2768,1950.0,155.0,360.0,1.0,Rural,Y,7.926241523170962,0
LP002768,1,,0,0,No,3358,0.0,80.0,36.0,1.0,Semiurban,N,8.119398589612294,0
LP002772,1,,0,1,No,2526,1783.0,145.0,360.0,1.0,Rural,Y,7.834788107388194,0
LP002776,0,,0,1,No,5000,0.0,103.0,360.0,0.0,Semiurban,N,8.517393171418904,0
LP002777,1,,0,1,No,2785,2016.0,110.0,360.0,1.0,Rural,Y,7.932362154339751,0
LP002778,1,,2,1,Yes,6633,0.0,126.0,360.0,0.0,Rural,N,8.799963219506997,2
LP002784,1,,1,0,No,2492,2375.0,126.0,360.0,1.0,Rural,Y,7.821242083523558,1
LP002785,1,,1,1,No,3333,3250.0,158.0,360.0,1.0,Urban,Y,8.111928063310739,1
LP002788,1,,0,0,No,2454,2333.0,181.0,360.0,0.0,Urban,N,7.805882040228621,0
LP002789,1,,0,1,No,3593,4266.0,132.0,180.0,0.0,Rural,N,8.187021067343505,0
LP002792,1,,1,1,No,5468,1032.0,26.0,360.0,1.0,Semiurban,Y,8.606851063346772,1
LP002794,0,,0,1,No,2667,1625.0,84.0,360.0,,Urban,Y,7.889084407035514,0
LP002795,1,,3,1,Yes,10139,0.0,260.0,360.0,1.0,Semiurban,Y,9.224243277145174,3
LP002798,1,,0,1,No,3887,2669.0,162.0,360.0,1.0,Semiurban,Y,8.265650165580329,0
LP002804,0,,0,1,No,4180,2306.0,182.0,360.0,1.0,Semiurban,Y,8.338305731356565,0
LP002807,1,,2,0,No,3675,242.0,108.0,360.0,1.0,Semiurban,Y,8.209580483475577,2
LP002813,0,,1,1,Yes,19484,0.0,600.0,360.0,1.0,Semiurban,Y,9.87740021777281,1
LP002820,1,,0,1,No,5923,2054.0,211.0,360.0,1.0,Rural,Y,8.68676717538769,0
LP002821,1,,0,0,Yes,5800,0.0,132.0,360.0,1.0,Semiurban,Y,8.665785595466064,0
LP002832,1,,2,1,No,8799,0.0,258.0,360.0,0.0,Urban,N,9.082507000466299,2
LP002833,1,,0,0,No,4467,0.0,120.0,360.0,,Rural,Y,8.404696160189092,0
LP002836,1,,0,1,No,3333,0.0,70.0,360.0,1.0,Urban,Y,8.111928063310739,0
LP002837,1,,3,1,No,3400,2500.0,123.0,360.0,0.0,Rural,N,8.131824785007195,3
LP002840,0,,0,1,No,2378,0.0,9.0,360.0,1.0,Urban,N,7.774435510302958,0
LP002841,1,,0,1,No,3166,2064.0,104.0,360.0,0.0,Urban,N,8.06054004653864,0
LP002842,1,,1,1,No,3417,1750.0,186.0,360.0,1.0,Urban,Y,8.136810863675537,1
LP002847,1,,0,1,No,5116,1451.0,165.0,360.0,0.0,Urban,N,8.540323608805092,
LP002855,1,,2,1,No,16666,0.0,275.0,360.0,1.0,Urban,Y,9.721185995542177,2
LP002862,1,,2,0,No,6125,1625.0,187.0,480.0,1.0,Semiurban,N,8.72029728739272,2
LP002863,1,,3,1,No,6406,0.0,150.0,360.0,1.0,Semiurban,N,8.765146421639022,3
LP002868,1,,2,1,No,3159,461.0,108.0,84.0,1.0,Urban,Y,8.058327306580958,2
LP002872,1,,0,1,No,3087,2210.0,136.0,360.0,0.0,Semiurban,N,8.035278911144667,0
LP002874,1,,0,1,No,3229,2739.0,110.0,360.0,1.0,Urban,Y,8.080237416216702,0
LP002877,1,,1,1,No,1782,2232.0,107.0,360.0,1.0,Rural,Y,7.48605261786314,1
LP002888,1,,0,1,,3182,2917.0,161.0,360.0,1.0,Urban,Y,8.065579427282092,0
LP002892,1,,2,1,No,6540,0.0,205.0,360.0,1.0,Semiurban,Y,8.785845337961213,2
LP002893,1,,0,1,No,1836,33837.0,90.0,360.0,1.0,Urban,N,7.515889085215125,0
LP002894,0,,0,1,No,3166,0.0,36.0,360.0,1.0,Semiurban,Y,8.06054004653864,0
LP002898,1,,1,1,No,1880,0.0,61.0,360.0,,Rural,N,7.53955882930103,1
LP002911,1,,1,1,No,2787,1917.0,146.0,360.0,0.0,Rural,N,7.933079771880415,1
LP002912,1,,1,1,No,4283,3000.0,172.0,84.0,1.0,Rural,N,8.36264243156764,1
LP002916,1,,0,1,No,2297,1522.0,104.0,360.0,1.0,Urban,Y,7.739794458408701,0
LP002917,0,,0,0,No,2165,0.0,70.0,360.0,1.0,Semiurban,Y,7.680637427560936,0
LP002925,1,,0,1,No,4750,0.0,94.0,360.0,1.0,Semiurban,Y,8.46611040118692,0
LP002926,1,,2,1,Yes,2726,0.0,106.0,360.0,0.0,Semiurban,N,7.910957382845589,2
LP002928,1,,0,1,No,3000,3416.0,56.0,180.0,1.0,Semiurban,Y,8.006700845440367,0
LP002931,1,,2,1,Yes,6000,0.0,205.0,240.0,1.0,Semiurban,N,8.699681400989514,2
LP002933,1,,3,1,Yes,9357,0.0,292.0,360.0,1.0,Semiurban,Y,9.143986871426161,3
LP002936,1,,0,1,No,3859,3300.0,142.0,180.0,1.0,Rural,Y,8.258422462458876,0
LP002938,1,,0,1,Yes,16120,0.0,260.0,360.0,1.0,Urban,Y,9.687878048875998,0
LP002940,1,,0,0,No,3833,0.0,110.0,360.0,1.0,Rural,Y,8.251663923605589,0
LP002941,1,,2,0,Yes,6383,1000.0,187.0,360.0,1.0,Rural,N,8.761550139129644,2
LP002943,1,,0,1,No,2987,0.0,88.0,360.0,0.0,Semiurban,N,8.002359546252707,
LP002945,1,,0,1,Yes,9963,0.0,180.0,360.0,1.0,Rural,Y,9.20673387638207,0
LP002948,1,,2,1,No,5780,0.0,192.0,360.0,1.0,Urban,Y,8.662331957082475,2
LP002949,0,,3,1,,416,41667.0,350.0,180.0,,Urban,N,6.0330862217988015,3
LP002950,1,,0,0,,2894,2792.0,155.0,360.0,1.0,Rural,Y,7.970740390007095,0
LP002953,1,,3,1,No,5703,0.0,128.0,360.0,1.0,Urban,Y,8.648922962094131,3
LP002958,1,,0,1,No,3676,4301.0,172.0,360.0,1.0,Rural,Y,8.209852481301272,0
LP002959,0,,1,1,No,12000,0.0,496.0,360.0,1.0,Semiurban,Y,9.392745258631441,1
LP002960,1,,0,0,No,2400,3800.0,126.0,180.0,1.0,Urban,N,7.783640596221253,0
LP002961,1,,1,1,No,3400,2500.0,173.0,360.0,1.0,Semiurban,Y,8.131824785007195,1
LP002964,1,,2,0,No,3987,1411.0,157.0,360.0,1.0,Rural,Y,8.291045131081729,2
LP002974,1,,0,1,No,3232,1950.0,108.0,360.0,1.0,Rural,Y,8.081165777725433,0
LP002978,0,,0,1,No,2900,0.0,71.0,360.0,1.0,Rural,Y,7.972810784121404,0
LP002979,1,,3,1,No,4106,0.0,40.0,180.0,1.0,Rural,Y,8.320448113956559,3
LP002983,1,,1,1,No,8072,240.0,253.0,360.0,1.0,Urban,Y,8.996280439395015,1
LP002984,1,,2,1,No,7583,0.0,187.0,360.0,1.0,Urban,Y,8.933796043934858,2
LP002990,0,,0,1,Yes,4583,0.0,133.0,360.0,0.0,Semiurban,N,8.430327258394575,0
LP001015,1,,0,1,No,5720,0.0,110.0,360.0,1.0,Urban,,8.651898894268529,0
LP001022,1,,1,1,No,3076,1500.0,126.0,360.0,1.0,Urban,,8.031710375322042,1
LP001031,1,,2,1,No,5000,1800.0,208.0,360.0,1.0,Urban,,8.517393171418904,2
LP001035,1,,2,1,No,2340,2546.0,100.0,360.0,,Urban,,7.75833346749091,2
LP001051,1,,0,0,No,3276,0.0,78.0,360.0,1.0,Urban,,8.094683648698815,0
LP001054,1,,0,0,Yes,2165,3422.0,152.0,360.0,1.0,Urban,,7.680637427560936,0
LP001055,0,,1,0,No,2226,0.0,59.0,360.0,1.0,Semiurban,,7.708410667257367,1
LP001056,1,,2,0,No,3881,0.0,147.0,360.0,0.0,Rural,,8.264105763728956,2
LP001059,1,,2,1,,13633,0.0,280.0,240.0,1.0,Urban,,9.52032195192273,2
LP001067,1,,0,0,No,2400,2400.0,123.0,360.0,1.0,Semiurban,,7.783640596221253,0
LP001078,1,,0,0,No,3091,0.0,90.0,360.0,1.0,Urban,,8.036573409707312,0
LP001082,1,,1,1,,2185,1516.0,162.0,360.0,1.0,Semiurban,,7.689828668736484,1
LP001083,1,,3,1,No,4166,0.0,40.0,180.0,,Urban,,8.334951631422454,3
LP001094,1,,2,1,,12173,0.0,166.0,360.0,0.0,Semiurban,,9.40705780905387,2
LP001096,0,,0,1,No,4666,0.0,124.0,360.0,1.0,Semiurban,,8.448271745949816,0
LP001099,1,,1,1,No,5667,0.0,131.0,360.0,1.0,Urban,,8.64259160081057,1
LP001105,1,,2,1,No,4583,2916.0,200.0,360.0,1.0,Urban,,8.430327258394575,2
LP001107,1,,3,1,No,3786,333.0,126.0,360.0,1.0,Semiurban,,8.239329427901795,3
LP001108,1,,0,1,No,9226,7916.0,300.0,360.0,1.0,Urban,,9.129889247578555,0
LP001115,1,,0,1,No,1300,3470.0,100.0,180.0,1.0,Semiurban,,7.170888478512505,0
LP001121,1,,1,0,No,1888,1620.0,48.0,360.0,1.0,Urban,,7.543802867501509,1
LP001124,0,,3,0,No,2083,0.0,28.0,180.0,1.0,Urban,,7.642044402873258,3
LP001128,1,,0,1,No,3909,0.0,101.0,360.0,1.0,Urban,,8.271292652979412,0
LP001135,0,,0,0,No,3765,0.0,125.0,360.0,1.0,Urban,,8.233768709217097,0
LP001149,1,,0,1,No,5400,4380.0,290.0,360.0,1.0,Urban,,8.594339400592892,0
LP001153,1,,0,1,No,0,24000.0,148.0,360.0,0.0,Rural,,0.0,0
LP001163,1,,2,1,No,4363,1250.0,140.0,360.0,,Urban,,8.381144346952961,2
LP001169,1,,0,1,No,7500,3750.0,275.0,360.0,1.0,Urban,,8.922791623969637,0
LP001174,1,,0,1,No,3772,833.0,57.0,360.0,,Semiurban,,8.235625719964311,0
LP001176,1,,0,1,No,2942,2382.0,125.0,180.0,1.0,Urban,,7.987184748233473,0
LP001177,0,,0,0,No,2478,0.0,75.0,360.0,1.0,Semiurban,,7.8156105320351905,0
LP001183,1,,2,1,No,6250,820.0,192.0,360.0,1.0,Urban,,8.740496729931813,2
LP001185,1,,0,1,No,3268,1683.0,152.0,360.0,1.0,Semiurban,,8.092239406724211,0
LP001187,1,,0,1,No,2783,2708.0,158.0,360.0,1.0,Urban,,7.931644021454311,0
LP001190,1,,0,1,No,2740,1541.0,101.0,360.0,1.0,Urban,,7.916078096302786,0
LP001203,1,,0,1,No,3150,0.0,176.0,360.0,0.0,Semiurban,,8.055475141757274,0
LP001208,1,,2,1,,7350,4029.0,185.0,180.0,1.0,Urban,,8.902591637374087,2
LP001210,1,,0,1,Yes,2267,2792.0,90.0,360.0,1.0,Urban,,7.7266536648476425,0
LP001211,1,,0,1,Yes,5833,0.0,116.0,360.0,1.0,Urban,,8.671458150427666,0
LP001219,1,,0,1,No,3643,1963.0,138.0,360.0,1.0,Urban,,8.200837258379849,0
LP001220,1,,0,1,No,5629,818.0,100.0,360.0,1.0,Urban,,8.635864721133736,0
LP001221,0,,0,1,No,3644,0.0,110.0,360.0,1.0,Urban,,8.201111644442758,0
LP001226,1,,0,0,No,1750,2024.0,90.0,360.0,1.0,Semiurban,,7.467942332285852,0
LP001230,1,,0,1,No,6500,2600.0,200.0,360.0,1.0,Semiurban,,8.77971129020447,0
LP001231,0,,0,1,No,3666,0.0,84.0,360.0,1.0,Urban,,8.207129168071326,0
LP001232,1,,0,1,No,4260,3900.0,185.0,,,Urban,,8.357259153499912,0
LP001237,1,,0,0,No,4163,1475.0,162.0,360.0,1.0,Urban,,8.33423142973486,
LP001242,1,,0,0,No,2356,1902.0,108.0,360.0,1.0,Semiurban,,7.7651449029361315,0
LP001268,1,,0,1,No,6792,3338.0,187.0,,1.0,Urban,,8.823647949191303,0
LP001270,1,,3,0,Yes,8000,250.0,187.0,360.0,1.0,Semiurban,,8.987321812850125,3
LP001284,1,,1,1,No,2419,1707.0,124.0,360.0,1.0,Urban,,7.791522819150732,1
LP001287,1,,3,0,No,3500,833.0,120.0,360.0,1.0,Semiurban,,8.160803920954665,3
LP001291,1,,1,1,No,3500,3077.0,160.0,360.0,1.0,Semiurban,,8.160803920954665,1
LP001298,1,,2,1,No,4116,1000.0,30.0,180.0,1.0,Urban,,8.322880021769905,2
LP001312,1,,0,0,Yes,5293,0.0,92.0,360.0,1.0,Urban,,8.574329382787047,0
LP001313,1,,0,1,No,2750,0.0,130.0,360.0,0.0,Urban,,7.919719760924575,0
LP001317,0,,0,0,No,4402,0.0,130.0,360.0,1.0,Rural,,8.390041405755754,0
LP001321,1,,2,1,No,3613,3539.0,134.0,180.0,1.0,Semiurban,,8.192570471152173,2
LP001323,0,,2,1,No,2779,3664.0,176.0,360.0,0.0,Semiurban,,7.930206206684683,2
LP001324,1,,3,1,No,4720,0.0,90.0,180.0,1.0,Semiurban,,8.459775920546287,3
LP001332,1,,0,0,No,2415,1721.0,110.0,360.0,1.0,Semiurban,,7.789868559054706,0
LP001335,1,,0,1,Yes,7016,292.0,125.0,360.0,1.0,Urban,,8.85609105525229,0
LP001338,0,,2,1,No,4968,0.0,189.0,360.0,1.0,Semiurban,,8.51097389160232,2
LP001347,0,,0,1,No,2101,1500.0,108.0,360.0,0.0,Rural,,7.650644551436897,0
LP001348,1,,3,0,No,4490,0.0,125.0,360.0,1.0,Urban,,8.409830673087738,3
LP001351,1,,0,1,No,2917,3583.0,138.0,360.0,1.0,Semiurban,,7.978653729082731,0
LP001352,1,,0,0,No,4700,0.0,135.0,360.0,0.0,Semiurban,,8.45553053102413,0
LP001358,1,,0,1,No,3445,0.0,130.0,360.0,0.0,Semiurban,,8.144969417087875,0
LP001359,1,,0,1,No,7666,0.0,187.0,360.0,1.0,Semiurban,,8.944680683558895,0
LP001361,1,,0,1,No,2458,5105.0,188.0,360.0,0.0,Rural,,7.807510042216193,0
LP001366,0,,0,1,No,3250,0.0,95.0,360.0,1.0,Semiurban,,8.086717920303906,
LP001368,1,,0,1,No,4463,0.0,65.0,360.0,1.0,Semiurban,,8.403800504061147,0
LP001375,1,,1,1,,4083,1775.0,139.0,60.0,1.0,Urban,,8.314832179284556,1
LP001380,1,,0,1,Yes,3900,2094.0,232.0,360.0,1.0,Rural,,8.268988209506656,0
LP001386,1,,0,0,No,4750,3583.0,144.0,360.0,1.0,Semiurban,,8.46611040118692,0
LP001400,1,,0,1,No,3583,3435.0,155.0,360.0,1.0,Urban,,8.18423477409482,0
LP001407,1,,0,1,No,3189,2367.0,186.0,360.0,1.0,Urban,,8.06777619577889,0
LP001413,1,,0,1,Yes,6356,0.0,50.0,360.0,1.0,Rural,,8.757311846936409,0
LP001415,1,,1,1,No,3413,4053.0,126.0,360.0,1.0,Semiurban,,8.135639903354386,1
LP001419,0,,0,1,No,7950,0.0,185.0,360.0,1.0,Urban,,8.981052985901483,0
LP001420,1,,3,1,No,3829,1103.0,163.0,360.0,0.0,Urban,,8.250620082174692,3
LP001428,1,,3,1,No,72529,0.0,360.0,360.0,1.0,Urban,,11.191755548357458,3
LP001445,1,,2,0,No,4136,0.0,149.0,480.0,0.0,Rural,,8.327726166461412,2
LP001446,1,,0,1,No,8449,0.0,257.0,360.0,1.0,Rural,,9.041921720351219,0
LP001450,1,,0,1,No,4456,0.0,131.0,180.0,0.0,Semiurban,,8.402231172946555,0
LP001452,1,,2,1,No,4635,8000.0,102.0,180.0,1.0,Rural,,8.441607204459642,2
LP001455,1,,0,1,No,3571,1917.0,135.0,360.0,1.0,Urban,,8.18088094199639,0
LP001466,1,,0,1,No,3066,0.0,95.0,360.0,1.0,Semiurban,,8.028455164114252,0
LP001471,1,,2,0,No,3235,2015.0,77.0,360.0,1.0,Semiurban,,8.082093278178382,2
LP001472,0,,0,1,,5058,0.0,200.0,360.0,1.0,Rural,,8.528924114291936,0
LP001475,1,,0,1,Yes,3188,2286.0,130.0,360.0,,Rural,,8.067462667010057,0
LP001483,1,,3,1,No,13518,0.0,390.0,360.0,1.0,Rural,,9.511851382364405,3
LP001486,1,,1,1,No,4364,2500.0,185.0,360.0,1.0,Semiurban,,8.381373468273702,1
LP001490,1,,2,0,No,4766,1646.0,100.0,360.0,1.0,Semiurban,,8.469472455204826,2
LP001496,1,,1,1,No,4609,2333.0,123.0,360.0,0.0,Semiurban,,8.435983135990694,1
LP001499,0,,3,1,No,6260,0.0,110.0,360.0,1.0,Semiurban,,8.74209519574531,3
LP001500,1,,1,1,No,3333,4200.0,256.0,360.0,1.0,Urban,,8.111928063310739,1
LP001501,1,,0,1,No,3500,3250.0,140.0,360.0,1.0,Semiurban,,8.160803920954665,0
LP001517,1,,3,1,No,9719,0.0,61.0,360.0,1.0,Urban,,9.181940897454485,3
LP001527,1,,3,1,No,6835,0.0,188.0,360.0,,Semiurban,,8.829958044235482,3
LP001534,1,,0,1,No,4452,0.0,131.0,360.0,1.0,Rural,,8.401333305321703,0
LP001542,0,,0,1,No,2262,0.0,126.0,480.0,0.0,Semiurban,,7.724446645633537,0
LP001547,1,,1,1,No,3901,0.0,116.0,360.0,1.0,Urban,,8.269244521183056,1
LP001548,1,,2,0,No,2687,0.0,50.0,180.0,1.0,Rural,,7.89655270164304,2
LP001558,1,,0,1,No,2243,2233.0,107.0,360.0,,Semiurban,,7.716015266642587,0
LP001561,0,,0,1,No,3417,1287.0,200.0,360.0,1.0,Semiurban,,8.136810863675537,0
LP001563,1,,0,1,No,1596,1760.0,119.0,360.0,0.0,Urban,,7.3758821482150125,0
LP001567,1,,3,1,No,4513,0.0,120.0,360.0,1.0,Rural,,8.414938957377482,3
LP001568,1,,0,1,No,4500,0.0,140.0,360.0,1.0,Semiurban,,8.412054873292933,0
LP001573,1,,0,0,No,4523,1350.0,165.0,360.0,1.0,Urban,,8.41715183723601,0
LP001584,0,,0,1,Yes,4742,0.0,108.0,360.0,1.0,Semiurban,,8.464425125877582,0
LP001587,1,,0,1,No,4082,0.0,93.0,360.0,1.0,Semiurban,,8.314587291319576,
LP001589,0,,0,1,No,3417,0.0,102.0,360.0,1.0,Urban,,8.136810863675537,0
LP001591,0,,2,1,No,2922,3396.0,122.0,360.0,1.0,Semiurban,,7.980365765111246,2
LP001599,1,,0,1,No,4167,4754.0,160.0,360.0,1.0,Rural,,8.335191583433202,0
LP001601,1,,3,1,No,4243,4123.0,157.0,360.0,,Semiurban,,8.353261499733874,3
LP001607,0,,0,0,No,0,1760.0,180.0,360.0,1.0,Semiurban,,0.0,0
LP001611,1,,1,1,No,1516,2900.0,80.0,,0.0,Rural,,7.324489979348532,1
LP001613,0,,0,1,No,1762,2666.0,104.0,360.0,0.0,Urban,,7.47477218239787,0
LP001622,1,,2,1,No,724,3510.0,213.0,360.0,0.0,Rural,,6.586171654854675,2
LP001627,1,,0,1,No,3125,0.0,65.0,360.0,1.0,Urban,,8.047509510981422,0
LP001650,1,,0,1,No,2333,3803.0,146.0,360.0,1.0,Rural,,7.755338812846501,0
LP001651,1,,3,1,No,3350,1560.0,135.0,360.0,1.0,Urban,,8.11701408773731,3
LP001652,1,,0,1,No,2500,6414.0,187.0,360.0,0.0,Rural,,7.824445930877619,0
LP001655,0,,0,1,No,12500,0.0,300.0,360.0,0.0,Urban,,9.433563920090563,0
LP001660,1,,0,1,No,4667,0.0,120.0,360.0,1.0,Semiurban,,8.448485993406447,0
LP001662,1,,0,1,No,6500,0.0,71.0,360.0,0.0,Urban,,8.77971129020447,0
LP001663,1,,2,1,No,7500,0.0,225.0,360.0,1.0,Urban,,8.922791623969637,2
LP001667,1,,0,1,No,3073,0.0,70.0,180.0,1.0,Urban,,8.03073492409854,0
LP001695,1,,1,0,No,3321,2088.0,70.0,,1.0,Semiurban,,8.10832229017324,1
LP001703,1,,0,1,No,3333,1270.0,124.0,360.0,1.0,Urban,,8.111928063310739,0
LP001718,1,,0,1,No,3391,0.0,132.0,360.0,1.0,Rural,,8.129174996911793,0
LP001728,1,,1,1,Yes,3343,1517.0,105.0,360.0,1.0,Rural,,8.114922974204593,1
LP001735,0,,1,1,No,3620,0.0,90.0,360.0,1.0,Urban,,8.19450550976564,1
LP001737,1,,0,1,No,4000,0.0,83.0,84.0,1.0,Urban,,8.294299608857235,0
LP001739,1,,0,1,No,4258,0.0,125.0,360.0,1.0,Urban,,8.356789669923213,0
LP001742,1,,2,1,No,4500,0.0,147.0,360.0,1.0,Rural,,8.412054873292933,2
LP001757,1,,1,1,No,2014,2925.0,120.0,360.0,1.0,Rural,,7.608374474380783,1
LP001769,1,,0,1,No,3333,1250.0,110.0,360.0,1.0,Semiurban,,8.111928063310739,
LP001771,0,,3,1,No,4083,0.0,103.0,360.0,,Semiurban,,8.314832179284556,3
LP001785,1,,0,1,No,4727,0.0,150.0,360.0,0.0,Rural,,8.461257559085935,0
LP001787,1,,3,1,No,3089,2999.0,100.0,240.0,1.0,Rural,,8.035926369891792,3
LP001789,1,,3,0,,6794,528.0,139.0,360.0,0.0,Urban,,8.823942326585245,3
LP001791,1,,0,1,Yes,32000,0.0,550.0,360.0,,Semiurban,,10.373522431293592,0
LP001794,1,,2,1,Yes,10890,0.0,260.0,12.0,1.0,Rural,,9.295692039075686,2
LP001797,0,,0,1,No,12941,0.0,150.0,300.0,1.0,Urban,,9.468233115617211,0
LP001815,1,,0,0,No,3276,0.0,90.0,360.0,1.0,Semiurban,,8.094683648698815,0
LP001817,1,,0,0,Yes,8703,0.0,199.0,360.0,0.0,Rural,,9.071537969095724,0
LP001818,1,,1,1,No,4742,717.0,139.0,360.0,1.0,Semiurban,,8.464425125877582,1
LP001822,1,,0,1,No,5900,0.0,150.0,360.0,1.0,Urban,,8.682877107057168,0
LP001827,1,,0,1,No,3071,4309.0,180.0,360.0,1.0,Urban,,8.030084094267563,0
LP001831,1,,0,1,No,2783,1456.0,113.0,360.0,1.0,Urban,,7.931644021454311,0
LP001842,1,,0,1,No,5000,0.0,148.0,360.0,1.0,Rural,,8.517393171418904,0
LP001853,1,,1,0,No,2463,2360.0,117.0,360.0,0.0,Urban,,7.80954132465341,1
LP001855,1,,2,1,No,4855,0.0,72.0,360.0,1.0,Rural,,8.487970332739334,2
LP001857,1,,0,0,Yes,1599,2474.0,125.0,300.0,1.0,Semiurban,,7.3777589082278725,0
LP001862,1,,2,1,Yes,4246,4246.0,214.0,360.0,1.0,Urban,,8.353968130313271,2
LP001867,1,,0,1,No,4333,2291.0,133.0,350.0,1.0,Rural,,8.374246182096304,0
LP001878,1,,1,1,No,5823,2529.0,187.0,360.0,1.0,Semiurban,,8.669742589876522,1
LP001881,1,,0,0,No,7895,0.0,143.0,360.0,1.0,Rural,,8.974111581113318,0
LP001886,1,,0,1,No,4150,4256.0,209.0,360.0,1.0,Rural,,8.33110454805304,0
LP001906,1,,0,1,,2964,0.0,84.0,360.0,0.0,Semiurban,,7.994632311431825,0
LP001909,1,,0,1,No,5583,0.0,116.0,360.0,1.0,Urban,,8.627660644442209,0
LP001911,0,,0,1,No,2708,0.0,65.0,360.0,1.0,Rural,,7.904334842085095,0
LP001921,1,,1,1,No,3180,2370.0,80.0,240.0,,Rural,,8.064950891749143,1
LP001923,1,,0,0,No,2268,0.0,170.0,360.0,0.0,Semiurban,,7.727094484779841,0
LP001933,1,,2,0,No,1141,2017.0,120.0,360.0,0.0,Urban,,7.040536390215956,2
LP001943,1,,0,1,No,3042,3167.0,135.0,360.0,1.0,Urban,,8.02059914989697,0
LP001950,0,,3,1,,1750,2935.0,94.0,360.0,0.0,Semiurban,,7.467942332285852,3
LP001959,0,,1,1,No,3564,0.0,79.0,360.0,1.0,Rural,,8.178919332848396,1
LP001961,0,,0,1,No,3958,0.0,110.0,360.0,1.0,Rural,,8.28374674710613,0
LP001973,1,,2,0,No,4483,0.0,130.0,360.0,1.0,Rural,,8.40827078419205,2
LP001975,1,,0,1,No,5225,0.0,143.0,360.0,1.0,Rural,,8.561401446080557,0
LP001979,1,,0,1,No,3017,2845.0,159.0,180.0,0.0,Urban,,8.012349639327795,0
LP001995,1,,0,0,No,2431,1820.0,110.0,360.0,0.0,Rural,,7.796469243086058,0
LP001999,1,,2,1,,4912,4614.0,160.0,360.0,1.0,Rural,,8.499640032168648,2
LP002007,1,,2,0,No,2500,3333.0,131.0,360.0,1.0,Urban,,7.824445930877619,2
LP002009,0,,0,1,No,2918,0.0,65.0,360.0,,Rural,,7.978996370854115,0
LP002016,1,,2,1,No,5128,0.0,143.0,360.0,1.0,Rural,,8.542665987389269,2
LP002017,1,,3,1,No,15312,0.0,187.0,360.0,,Urban,,9.636457419815208,3
LP002018,1,,2,1,No,3958,2632.0,160.0,360.0,1.0,Semiurban,,8.28374674710613,2
LP002027,1,,0,1,No,4334,2945.0,165.0,360.0,1.0,Semiurban,,8.374476889214643,0
LP002028,1,,2,1,No,4358,0.0,110.0,360.0,1.0,Urban,,8.379997952238393,2
LP002042,0,,1,1,No,4000,3917.0,173.0,360.0,1.0,Rural,,8.294299608857235,1
LP002045,1,,3,1,No,10166,750.0,150.0,,1.0,Urban,,9.226902460275161,3
LP002046,1,,0,0,No,4483,0.0,135.0,360.0,,Semiurban,,8.40827078419205,0
LP002047,1,,2,0,No,4521,1184.0,150.0,360.0,1.0,Semiurban,,8.416709652837914,2
LP002056,1,,2,1,No,9167,0.0,235.0,360.0,1.0,Semiurban,,9.12347443895452,2
LP002057,1,,0,0,No,13083,0.0,126.0,360.0,1.0,Rural,,9.479145388658274,0
LP002059,1,,2,1,No,7874,3967.0,336.0,360.0,1.0,Rural,,8.971448463693834,2
LP002062,0,,1,1,No,4333,0.0,132.0,84.0,1.0,Rural,,8.374246182096304,1
LP002064,1,,0,1,No,4083,0.0,96.0,360.0,1.0,Urban,,8.314832179284556,0
LP002069,1,,2,0,,3785,2912.0,180.0,360.0,0.0,Rural,,8.239065331769268,2
LP002070,1,,3,0,No,2654,1998.0,128.0,360.0,0.0,Rural,,7.884199933676039,3
LP002077,1,,1,1,No,10000,2690.0,412.0,360.0,1.0,Semiurban,,9.210440366976517,1
LP002083,1,,0,1,Yes,5833,0.0,116.0,360.0,1.0,Urban,,8.671458150427666,0
LP002090,1,,1,1,No,4796,0.0,114.0,360.0,0.0,Semiurban,,8.475746001502063,1
LP002096,1,,0,0,No,2000,1600.0,115.0,360.0,1.0,Rural,,7.601402334583733,0
LP002099,1,,2,1,No,2540,700.0,104.0,360.0,0.0,Urban,,7.840312983320164,2
LP002102,1,,0,1,Yes,1900,1442.0,88.0,360.0,1.0,Rural,,7.550135342488429,0
LP002105,1,,0,1,Yes,8706,0.0,108.0,480.0,1.0,Rural,,9.071882578828616,0
LP002107,1,,3,0,No,2855,542.0,90.0,360.0,1.0,Urban,,7.957177323459475,3
LP002111,1,,0,1,No,3016,1300.0,100.0,360.0,,Urban,,8.012018239159062,
LP002117,0,,0,1,No,3159,2374.0,108.0,360.0,1.0,Semiurban,,8.058327306580958,0
LP002118,0,,0,1,No,1937,1152.0,78.0,360.0,1.0,Semiurban,,7.569411792450712,0
LP002123,1,,0,1,No,2613,2417.0,123.0,360.0,1.0,Semiurban,,7.868636894184167,0
LP002125,1,,1,1,No,4960,2600.0,187.0,360.0,1.0,Semiurban,,8.509362612301048,1
LP002148,1,,1,1,No,3074,1083.0,146.0,360.0,1.0,Semiurban,,8.031060180240619,1
LP002152,0,,0,1,No,4213,0.0,80.0,360.0,1.0,Urban,,8.346167594364134,0
LP002165,1,,1,0,No,2038,4027.0,100.0,360.0,1.0,Rural,,7.620214770574455,1
LP002167,0,,0,1,No,2362,0.0,55.0,360.0,1.0,Urban,,7.767687277186908,0
LP002168,1,,0,1,No,5333,2400.0,200.0,360.0,0.0,Rural,,8.58185670474196,0
LP002172,1,,3,1,Yes,5384,0.0,150.0,360.0,1.0,Semiurban,,8.591372589590488,3
LP002176,1,,0,1,No,5708,0.0,150.0,360.0,1.0,Rural,,8.64979915596426,0
LP002183,1,,0,0,No,3754,3719.0,118.0,,1.0,Rural,,8.230843564198235,0
LP002184,1,,0,0,No,2914,2130.0,150.0,300.0,1.0,Urban,,7.977625098784593,0
LP002186,1,,0,0,No,2747,2458.0,118.0,36.0,1.0,Semiurban,,7.91862865334224,0
LP002192,1,,0,1,No,7830,2183.0,212.0,360.0,1.0,Rural,,8.965845494750937,0
LP002195,1,,1,1,Yes,3507,3148.0,212.0,360.0,1.0,Rural,,8.162801353492073,1
LP002208,1,,1,1,No,3747,2139.0,125.0,360.0,1.0,Urban,,8.228977643358313,1
LP002212,1,,0,1,No,2166,2166.0,108.0,360.0,,Urban,,7.681099001536359,0
LP002240,1,,0,0,No,3500,2168.0,149.0,360.0,1.0,Rural,,8.160803920954665,0
LP002245,1,,2,0,No,2896,0.0,80.0,480.0,1.0,Urban,,7.9714309977693505,2
LP002253,0,,1,1,No,5062,0.0,152.0,300.0,1.0,Rural,,8.529714471969909,1
LP002256,0,,2,1,Yes,5184,0.0,187.0,360.0,0.0,Semiurban,,8.553525120663627,2
LP002257,0,,0,1,No,2545,0.0,74.0,360.0,1.0,Urban,,7.842278779117352,0
LP002264,1,,0,1,No,2553,1768.0,102.0,360.0,1.0,Urban,,7.845416036592485,0
LP002270,1,,1,1,No,3436,3809.0,100.0,360.0,1.0,Rural,,8.142354276849835,1
LP002279,1,,0,1,No,2412,2755.0,130.0,360.0,1.0,Rural,,7.7886260656250315,0
LP002286,1,,3,0,No,5180,0.0,125.0,360.0,0.0,Urban,,8.552753366814787,3
LP002294,1,,0,1,No,14911,14507.0,130.0,360.0,1.0,Semiurban,,9.609921536925372,0
LP002298,1,,0,1,Yes,2860,2988.0,138.0,360.0,1.0,Urban,,7.95892649305011,0
LP002306,1,,0,1,No,1173,1594.0,28.0,180.0,1.0,Rural,,7.068172000388042,0
LP002310,0,,1,1,No,7600,0.0,92.0,360.0,1.0,Semiurban,,8.936035096566041,1
LP002311,0,,0,1,No,2157,1788.0,104.0,360.0,1.0,Urban,,7.67693714581808,0
LP002316,1,,0,1,No,2231,2774.0,176.0,360.0,0.0,Urban,,7.710653323501202,0
LP002321,0,,0,1,No,2274,5211.0,117.0,360.0,0.0,Semiurban,,7.729735331385051,0
LP002325,1,,2,0,No,6166,13983.0,102.0,360.0,1.0,Rural,,8.726967774991493,2
LP002326,1,,2,0,No,2513,1110.0,107.0,360.0,1.0,Semiurban,,7.829630389150193,2
LP002329,1,,0,1,No,4333,0.0,66.0,480.0,1.0,Urban,,8.374246182096304,0
LP002333,1,,0,0,No,3844,0.0,105.0,360.0,1.0,Urban,,8.254528881939745,0
LP002339,1,,0,1,No,3887,1517.0,105.0,360.0,0.0,Semiurban,,8.265650165580329,0
LP002344,1,,0,1,No,3510,828.0,105.0,360.0,1.0,Semiurban,,8.163656176168432,0
LP002346,1,,0,1,,2539,1704.0,125.0,360.0,0.0,Rural,,7.8399193600125825,0
LP002354,0,,0,0,No,2107,0.0,64.0,360.0,1.0,Semiurban,,7.653494909661253,0
LP002355,1,,0,1,No,3186,3145.0,150.0,180.0,0.0,Semiurban,,8.066835314417336,0
LP002358,1,,2,1,Yes,5000,2166.0,150.0,360.0,1.0,Urban,,8.517393171418904,2
LP002360,1,,0,1,No,10000,0.0,126.0,360.0,1.0,Urban,,9.210440366976517,
LP002375,1,,0,0,Yes,3943,0.0,64.0,360.0,1.0,Semiurban,,8.279950715722526,0
LP002376,1,,0,1,No,2925,0.0,40.0,180.0,1.0,Rural,,7.98139158158007,0
LP002383,1,,3,1,No,3242,437.0,142.0,480.0,0.0,Urban,,8.084254106307318,3
LP002385,1,,0,1,No,3863,0.0,70.0,300.0,1.0,Semiurban,,8.259458195332408,
LP002389,0,,1,1,No,4028,0.0,131.0,360.0,1.0,Semiurban,,8.301273485191347,1
LP002394,1,,2,1,No,4010,1025.0,120.0,360.0,1.0,Urban,,8.296795865770052,2
LP002397,0,,1,1,No,3719,1585.0,114.0,360.0,1.0,Urban,,8.221478947267192,1
LP002399,1,,0,1,,2858,0.0,123.0,360.0,0.0,Rural,,7.958227192322312,0
LP002400,0,,0,1,No,3833,0.0,92.0,360.0,1.0,Rural,,8.251663923605589,0
LP002402,1,,0,1,No,3333,4288.0,160.0,360.0,1.0,Urban,,8.111928063310739,0
LP002412,1,,0,1,No,3007,3725.0,151.0,360.0,1.0,Rural,,8.00903068506973,0
LP002415,0,,1,1,,1850,4583.0,81.0,360.0,,Rural,,7.523481312573497,1
LP002417,1,,3,0,No,2792,2619.0,171.0,360.0,1.0,Semiurban,,7.934871565945177,3
LP002420,1,,0,1,No,2982,1550.0,110.0,360.0,1.0,Semiurban,,8.000684784514748,0
LP002425,1,,0,1,No,3417,738.0,100.0,360.0,,Rural,,8.136810863675537,0
LP002433,1,,1,1,No,18840,0.0,234.0,360.0,1.0,Rural,,9.843790625278,1
LP002440,1,,2,1,No,2995,1120.0,184.0,360.0,1.0,Rural,,8.005033344637111,2
LP002441,1,,0,1,No,3579,3308.0,138.0,360.0,,Semiurban,,8.183118079394745,
LP002442,0,,1,0,No,3835,1400.0,112.0,480.0,0.0,Urban,,8.252185436003328,1
LP002445,0,,1,0,No,3854,3575.0,117.0,360.0,1.0,Rural,,8.25712628599743,1
LP002450,1,,2,1,No,5833,750.0,49.0,360.0,0.0,Rural,,8.671458150427666,2
LP002471,1,,0,1,No,3508,0.0,99.0,360.0,1.0,Rural,,8.163086375583216,0
LP002476,0,,3,0,No,1635,2444.0,99.0,360.0,1.0,Urban,,7.400009517162692,3
LP002482,0,,0,1,Yes,3333,3916.0,212.0,360.0,1.0,Rural,,8.111928063310739,0
LP002485,1,,1,1,No,24797,0.0,240.0,360.0,1.0,Semiurban,,10.118518283739787,1
LP002495,1,,2,1,No,5667,440.0,130.0,360.0,0.0,Semiurban,,8.64259160081057,2
LP002496,0,,0,1,No,3500,0.0,94.0,360.0,0.0,Semiurban,,8.160803920954665,0
LP002523,1,,3,1,No,2773,1497.0,108.0,360.0,1.0,Semiurban,,7.928045600874777,3
LP002542,1,,0,1,,6500,0.0,144.0,360.0,1.0,Urban,,8.77971129020447,0
LP002550,0,,0,1,No,5769,0.0,110.0,180.0,1.0,Semiurban,,8.660427359502146,0
LP002551,1,,3,0,,3634,910.0,176.0,360.0,0.0,Semiurban,,8.19836438996762,3
LP002553,1,,0,1,No,29167,0.0,185.0,360.0,1.0,Semiurban,,10.280827496918445,0
LP002554,1,,0,1,No,2166,2057.0,122.0,360.0,1.0,Semiurban,,7.681099001536359,0
LP002561,1,,0,1,No,5000,0.0,126.0,360.0,1.0,Rural,,8.517393171418904,0
LP002566,0,,0,1,No,5530,0.0,135.0,360.0,,Urban,,8.618123909994678,0
LP002568,1,,0,0,No,9000,0.0,122.0,360.0,1.0,Rural,,9.105090961257085,0
LP002570,0,,2,1,No,10000,11666.0,460.0,360.0,1.0,Urban,,9.210440366976517,2
LP002572,1,,1,1,,8750,0.0,297.0,360.0,1.0,Urban,,9.076923258535832,1
LP002581,1,,0,0,No,2157,2730.0,140.0,360.0,,Rural,,7.67693714581808,0
LP002584,1,,0,1,,1972,4347.0,106.0,360.0,1.0,Rural,,7.587310506022615,0
LP002592,1,,0,1,No,4983,0.0,141.0,360.0,1.0,Urban,,8.51398806046729,0
LP002593,1,,1,1,No,8333,4000.0,126.0,360.0,1.0,Urban,,9.0280988119824,1
LP002599,1,,0,1,No,3667,2000.0,170.0,360.0,1.0,Semiurban,,8.207401833376355,0
LP002604,1,,2,1,No,3166,2833.0,145.0,360.0,1.0,Urban,,8.06054004653864,2
LP002605,1,,0,0,No,3271,0.0,90.0,360.0,1.0,Rural,,8.093156697722637,0
LP002609,0,,0,1,No,2241,2000.0,88.0,360.0,0.0,Urban,,7.715123603632105,0
LP002610,1,,1,0,,1792,2565.0,128.0,360.0,1.0,Urban,,7.491645473605133,1
LP002612,0,,0,1,No,2666,0.0,84.0,480.0,1.0,Semiurban,,7.888709524182015,0
LP002614,1,,0,1,No,6478,0.0,108.0,360.0,1.0,Semiurban,,8.776321456449958,0
LP002630,1,,0,0,,3808,0.0,83.0,360.0,1.0,Rural,,8.245121966478605,0
LP002635,0,,2,0,No,3729,0.0,117.0,360.0,1.0,Semiurban,,8.224163512637862,2
LP002639,1,,2,1,No,4120,0.0,128.0,360.0,1.0,Rural,,8.323851131338817,2
LP002644,1,,1,1,Yes,7500,0.0,75.0,360.0,1.0,Urban,,8.922791623969637,1
LP002651,1,,1,1,,6300,0.0,125.0,360.0,0.0,Urban,,8.748463629942055,1
LP002654,0,,0,1,Yes,14987,0.0,177.0,360.0,1.0,Rural,,9.615005159913578,
LP002657,1,,1,0,Yes,570,2125.0,68.0,360.0,1.0,Rural,,6.3473892096560105,1
LP002711,1,,0,1,No,2600,700.0,96.0,360.0,1.0,Semiurban,,7.8636512654486515,0
LP002712,1,,2,0,No,2733,1083.0,180.0,360.0,,Semiurban,,7.913521017283895,2
LP002721,1,,2,1,Yes,7500,0.0,183.0,360.0,1.0,Rural,,8.922791623969637,2
LP002735,1,,2,0,No,3859,0.0,121.0,360.0,1.0,Rural,,8.258422462458876,2
LP002744,1,,1,1,No,6825,0.0,162.0,360.0,1.0,Rural,,8.828494129466652,1
LP002745,1,,0,1,No,3708,4700.0,132.0,360.0,1.0,Semiurban,,8.21851757748959,0
LP002746,1,,0,1,No,5314,0.0,147.0,360.0,1.0,Urban,,8.57828829077605,0
LP002747,0,,3,1,No,2366,5272.0,153.0,360.0,0.0,Rural,,7.769378609513984,3
LP002754,1,,0,1,No,2066,2108.0,104.0,84.0,1.0,Urban,,7.633853559681768,
LP002759,1,,2,1,No,5000,0.0,149.0,360.0,1.0,Rural,,8.517393171418904,2
LP002760,0,,0,1,No,3767,0.0,134.0,300.0,1.0,Urban,,8.234299635696253,0
LP002766,0,,0,1,No,7859,879.0,165.0,180.0,1.0,Semiurban,,8.969541885423252,0
LP002769,0,,0,1,No,4283,0.0,120.0,360.0,1.0,Rural,,8.36264243156764,0
LP002774,1,,0,0,No,1700,2900.0,67.0,360.0,0.0,Urban,,7.438971592395862,0
LP002775,1,,0,0,No,4768,0.0,125.0,360.0,1.0,Rural,,8.469891918298224,0
LP002781,1,,0,1,No,3083,2738.0,120.0,360.0,1.0,Urban,,8.03398273468322,0
LP002782,1,,1,1,No,2667,1542.0,148.0,360.0,1.0,Rural,,7.889084407035514,1
LP002786,0,,0,0,No,1647,1762.0,181.0,360.0,1.0,Urban,,7.4073177104694174,0
LP002790,1,,3,1,No,3400,0.0,80.0,120.0,1.0,Urban,,8.131824785007195,3
LP002791,1,,1,1,,16000,5000.0,40.0,360.0,1.0,Semiurban,,9.680406499268875,1
LP002793,1,,0,1,No,5333,0.0,90.0,360.0,1.0,Rural,,8.58185670474196,0
LP002802,1,,0,1,No,2875,2416.0,95.0,6.0,0.0,Semiurban,,7.964155718840937,0
LP002803,1,,1,0,,2600,618.0,122.0,360.0,1.0,Semiurban,,7.8636512654486515,1
LP002805,1,,2,1,No,5041,700.0,150.0,360.0,1.0,Urban,,8.525558107747866,2
LP002806,1,,3,1,Yes,6958,1411.0,150.0,360.0,1.0,Rural,,8.84779106484485,3
LP002816,1,,1,1,No,3500,1658.0,104.0,360.0,,Semiurban,,8.160803920954665,1
LP002823,1,,0,1,No,5509,0.0,143.0,360.0,1.0,Rural,,8.61431990214696,0
LP002825,1,,3,1,No,9699,0.0,300.0,360.0,1.0,Urban,,9.179881164491475,3
LP002826,0,,1,0,No,3621,2717.0,171.0,360.0,1.0,Urban,,8.19478163844336,1
LP002843,0,,0,1,No,4709,0.0,113.0,360.0,1.0,Semiurban,,8.457443187010464,0
LP002849,1,,0,1,No,1516,1951.0,35.0,360.0,1.0,Semiurban,,7.324489979348532,0
LP002850,1,,2,1,No,2400,0.0,46.0,360.0,1.0,Urban,,7.783640596221253,2
LP002853,0,,0,0,No,3015,2000.0,145.0,360.0,,Urban,,8.011686729127847,0
LP002856,1,,0,1,No,2292,1558.0,119.0,360.0,1.0,Urban,,7.737616282857904,0
LP002857,1,,1,1,Yes,2360,3355.0,87.0,240.0,1.0,Rural,,7.766840537085513,1
LP002858,0,,0,1,No,4333,2333.0,162.0,360.0,0.0,Rural,,8.374246182096304,0
LP002860,1,,0,1,Yes,2623,4831.0,122.0,180.0,1.0,Semiurban,,7.8724551500639794,0
LP002867,1,,0,1,Yes,3972,4275.0,187.0,360.0,1.0,Rural,,8.287276755814599,0
LP002869,1,,3,0,No,3522,0.0,81.0,180.0,1.0,Rural,,8.167068178341237,3
LP002870,1,,1,1,No,4700,0.0,80.0,360.0,1.0,Urban,,8.45553053102413,1
LP002876,1,,0,1,No,6858,0.0,176.0,360.0,1.0,Rural,,8.83331693749932,0
LP002878,1,,3,1,No,8334,0.0,260.0,360.0,1.0,Urban,,9.028218795184895,3
LP002879,1,,0,1,No,3391,1966.0,133.0,360.0,0.0,Rural,,8.129174996911793,0
LP002885,1,,0,0,No,2868,0.0,70.0,360.0,1.0,Urban,,7.9617188159813645,0
LP002890,1,,2,0,No,3418,1380.0,135.0,360.0,1.0,Urban,,8.137103389639302,2
LP002891,1,,0,1,Yes,2500,296.0,137.0,300.0,1.0,Rural,,7.824445930877619,0
LP002899,1,,2,1,No,8667,0.0,254.0,360.0,1.0,Rural,,9.067393362656249,2
LP002901,1,,0,1,No,2283,15000.0,106.0,360.0,,Rural,,7.7336835707759,0
LP002907,1,,0,1,No,5817,910.0,109.0,360.0,1.0,Urban,,8.668711839055147,0
LP002920,1,,0,1,No,5119,3769.0,120.0,360.0,1.0,Rural,,8.540909718033554,0
LP002921,1,,3,0,No,5316,187.0,158.0,180.0,0.0,Semiurban,,8.57866451350434,3
LP002932,1,,3,1,No,7603,1213.0,197.0,360.0,1.0,Urban,,8.93642970360832,3
LP002935,1,,1,1,No,3791,1936.0,85.0,360.0,1.0,Urban,,8.240648863374913,1
LP002952,1,,0,1,No,2500,0.0,60.0,360.0,1.0,Urban,,7.824445930877619,0
LP002954,1,,2,0,No,3132,0.0,76.0,360.0,,Rural,,8.049746290952191,2
LP002962,1,,0,1,No,4000,2667.0,152.0,360.0,1.0,Semiurban,,8.294299608857235,0
LP002965,0,,0,1,No,8550,4255.0,96.0,360.0,,Urban,,9.053803514155955,0
LP002969,1,,1,1,No,2269,2167.0,99.0,360.0,1.0,Semiurban,,7.727535110475448,1
LP002971,1,,3,0,Yes,4009,1777.0,113.0,360.0,1.0,Urban,,8.296546520300614,3
LP002975,1,,0,1,No,4158,709.0,115.0,360.0,1.0,Urban,,8.33302993974291,0
LP002980,1,,0,1,No,3250,1993.0,126.0,360.0,,Semiurban,,8.086717920303906,0
LP002986,1,,0,1,No,5000,2393.0,158.0,360.0,1.0,Rural,,8.517393171418904,0
LP002989,1,,0,1,Yes,9200,0.0,98.0,180.0,1.0,Rural,,9.127067452782361,0
